Datetime,Global_active_power_min,Global_active_power_mean,Global_active_power_max,Global_reactive_power_min,Global_reactive_power_mean,Global_reactive_power_max,Voltage_min,Voltage_mean,Voltage_max,Global_intensity_min,Global_intensity_mean,Global_intensity_max,Sub_metering_1,Sub_metering_2,Sub_metering_3,Sub_metering_other,Sub_metering_total
2006-12-16,0.284,3.0534747474747475,7.706,0.0,0.08818686868686867,0.528,230.98,236.24376262626262,243.73,1.2,13.082828282828283,33.2,,,,,
2006-12-17,0.206,2.354486111111111,7.064,0.0,0.1569486111111111,0.582,229.57,240.0870277777778,249.37,0.8,9.999027777777778,30.0,0.0,28.0,0.0,1822.0,1850.0
2006-12-18,0.202,1.5304347222222223,6.158,0.0,0.11235555555555556,0.646,229.08,241.23169444444446,248.48,0.8,6.421666666666667,27.0,0.0,2.0,0.0,254.0,256.0
2006-12-19,0.194,1.1570791666666667,7.84,0.0,0.10482083333333334,0.606,231.24,241.9993125,248.89,0.8,4.926388888888889,33.6,0.0,58.0,489.0,261.0,808.0
2006-12-20,0.202,1.5456583333333334,5.988,0.0,0.11180416666666666,0.482,233.43,242.30806249999998,249.48,0.8,6.467361111111111,25.2,0.0,43.0,0.0,387.0,430.0
2006-12-21,0.194,1.193757997218359,5.854,0.0,0.10025452016689847,0.688,228.91,241.04054937413073,247.08,0.8,5.033796940194716,25.4,0.0,0.0,1088.0,420.0,1508.0
2006-12-22,0.202,1.6259291666666669,7.884,0.0,0.12979583333333333,0.622,230.39,241.1845486111111,248.82,0.8,6.872916666666667,34.2,0.0,0.0,0.0,249.0,249.0
2006-12-23,0.208,3.314851388888889,8.698,0.0,0.15379861111111112,0.724,231.17,240.1360763888889,247.23,0.8,14.028055555555557,37.0,0.0,2.0,0.0,1667.0,1669.0
2006-12-24,0.196,1.7708416666666669,6.824,0.0,0.10409722222222223,0.494,231.08,241.6874375,249.27,0.8,7.640416666666667,29.6,0.0,30.0,1052.0,2921.0,4003.0
2006-12-25,0.198,1.9049444444444443,6.702,0.0,0.1668611111111111,0.794,233.48,243.39993055555558,250.62,0.8,7.951527777777779,28.4,0.0,9.0,177.0,784.0,970.0
2006-12-26,0.418,2.7320208333333333,6.496,0.0,0.11465416666666667,0.8,234.59,241.6254375,249.11,2.0,11.347916666666666,27.4,0.0,11.0,0.0,2383.0,2394.0
2006-12-27,0.21,1.0616388888888888,5.56,0.0,0.12423749999999999,0.438,235.6,243.76736111111111,251.7,1.0,4.5175,23.2,0.0,0.0,0.0,452.0,452.0
2006-12-28,0.218,1.4393319444444443,9.132,0.0,0.14505277777777778,0.694,230.7,243.26833333333335,250.95,1.0,6.086250000000001,39.4,0.0,0.0,726.0,263.0,989.0
2006-12-29,0.216,2.204438888888889,7.238,0.0,0.13638472222222223,0.564,228.2,240.87130555555555,250.55,1.0,9.271388888888888,31.2,0.0,38.0,0.0,1344.0,1382.0
2006-12-30,0.204,1.939709318497914,9.078,0.0,0.21691794158553546,0.754,228.99,240.54068845618914,250.67,0.8,8.292211404728791,38.8,0.0,37.0,0.0,217.0,254.0
2006-12-31,0.206,2.426525,6.722,0.0,0.10475833333333334,0.414,231.23,239.8965763888889,248.56,0.8,10.199583333333333,28.4,0.0,35.0,0.0,615.0,650.0
2007-01-01,0.204,1.9090305555555556,3.558,0.0,0.10289305555555556,0.454,234.07,240.12897916666665,246.3,0.8,7.916944444444444,14.6,0.0,35.0,0.0,2495.0,2530.0
2007-01-02,0.358,0.8814138888888889,3.688,0.0,0.13218194444444445,0.862,233.9,241.94377777777777,250.02,1.4,3.7140277777777775,16.4,0.0,35.0,0.0,392.0,427.0
2007-01-03,0.23,0.7042041666666666,5.19,0.0,0.13661666666666666,0.46,238.57,243.5570902777778,248.53,1.0,3.0140277777777778,21.2,0.0,0.0,0.0,1091.0,1091.0
2007-01-04,0.26,2.2634805555555553,5.976,0.0,0.1404875,0.724,231.83,239.7502986111111,247.35,1.2,9.478194444444444,25.2,509.0,572.0,0.0,2269.0,3350.0
2007-01-05,0.222,1.8842805555555555,5.73,0.0,0.12024583333333333,0.554,230.48,240.49576388888892,248.18,1.0,7.885138888888889,24.8,0.0,15.0,536.0,1384.0,1935.0
2007-01-06,0.234,1.047484722222222,8.044,0.0,0.13346388888888888,0.638,226.32,239.67305555555555,247.98,1.0,4.543888888888889,35.6,0.0,37.0,1064.0,358.0,1459.0
2007-01-07,0.24,1.6997361111111111,7.774,0.0,0.17088472222222223,0.622,227.85,240.90248611111113,248.98,1.0,7.282638888888889,33.8,0.0,16.0,589.0,273.0,878.0
2007-01-08,0.216,1.5565,4.97,0.0,0.14414444444444446,0.716,232.16,239.5769513888889,246.05,1.0,6.551666666666667,21.2,0.0,18.0,1079.0,235.0,1332.0
2007-01-09,0.202,1.2979541666666667,8.67,0.0,0.14392222222222223,0.778,230.61,240.48752083333335,247.28,0.8,5.521111111111111,37.2,0.0,0.0,0.0,240.0,240.0
2007-01-10,0.212,1.496388888888889,6.836,0.0,0.15864722222222222,0.596,231.95,241.02745138888892,247.91,1.0,6.357777777777779,29.6,0.0,63.0,187.0,234.0,484.0
2007-01-11,0.21,1.5661069444444444,7.754,0.0,0.1597361111111111,0.704,228.76,241.1556875,248.58,0.8,6.658333333333333,34.0,0.0,35.0,0.0,273.0,308.0
2007-01-12,0.206,1.014788888888889,6.478,0.0,0.13829166666666665,0.518,234.53,241.53820833333336,247.96,0.8,4.309166666666666,27.4,0.0,19.0,0.0,537.0,556.0
2007-01-13,0.212,2.2130652777777775,9.272,0.0,0.2019,0.834,226.53,239.28361111111113,246.92,1.0,9.453055555555554,40.4,0.0,0.0,613.0,241.0,854.0
2007-01-14,0.202,2.0902126476719944,7.64,0.0,0.1578318276580959,0.76,229.86,238.8218485059069,244.72,0.8,8.968311327310632,32.8,0.0,40.0,249.0,3024.0,3313.0
2007-01-15,0.208,1.4921375,5.896,0.0,0.12143055555555557,0.582,232.06,241.2409097222222,247.46,0.8,6.261527777777778,25.2,0.0,0.0,1076.0,255.0,1331.0
2007-01-16,0.212,1.1711138888888888,5.57,0.0,0.12876944444444444,0.842,234.18,241.94475694444446,248.32,0.8,4.975972222222222,23.2,0.0,104.0,0.0,252.0,356.0
2007-01-17,0.206,1.977561111111111,8.0,0.0,0.13941111111111112,0.822,231.43,241.00525,247.78,0.8,8.283888888888889,34.2,0.0,25.0,0.0,251.0,276.0
2007-01-18,0.212,1.2649041666666667,6.808,0.0,0.12341111111111111,0.616,232.64,240.89359722222224,247.07,0.8,5.3425,28.6,0.0,19.0,1079.0,269.0,1367.0
2007-01-19,0.198,1.0280833333333335,6.132,0.0,0.11809166666666666,0.528,231.77,240.16094444444445,247.18,0.8,4.37625,25.8,0.0,0.0,0.0,273.0,273.0
2007-01-20,0.218,2.1762027777777777,8.658,0.0,0.16552916666666667,0.678,226.33,238.8674722222222,246.9,1.0,9.348055555555556,38.2,0.0,0.0,0.0,1699.0,1699.0
2007-01-21,0.206,2.366154166666667,8.018,0.0,0.15953888888888887,0.638,224.68,238.96811805555558,246.17,0.8,10.190694444444444,35.6,0.0,26.0,0.0,1320.0,1346.0
2007-01-22,0.212,1.5142319444444445,7.722,0.0,0.1171125,0.582,230.67,241.60313194444444,247.72,0.8,6.355277777777778,33.2,0.0,26.0,0.0,259.0,285.0
2007-01-23,0.202,1.2344722222222222,6.036,0.0,0.09602777777777778,0.558,234.1,242.76255555555556,249.18,0.8,5.260833333333333,25.4,0.0,689.0,642.0,683.0,2014.0
2007-01-24,0.212,2.074898611111111,7.248,0.0,0.12365277777777778,0.596,232.74,241.45769444444446,247.37,0.8,8.733611111111111,31.0,0.0,25.0,403.0,1388.0,1816.0
2007-01-25,0.206,1.1085722222222223,5.832,0.0,0.10011111111111111,0.596,232.82,243.42436111111112,250.89,0.8,4.629305555555556,25.2,0.0,25.0,281.0,265.0,571.0
2007-01-26,0.208,1.1235916666666665,5.024,0.0,0.09923749999999999,0.648,235.77,242.77179166666667,249.52,0.8,4.721388888888889,20.8,0.0,24.0,0.0,244.0,268.0
2007-01-27,0.214,1.4194944444444444,6.204,0.0,0.10294583333333332,0.592,233.92,241.61656944444442,247.63,0.8,5.949861111111111,25.8,36.0,0.0,0.0,450.0,486.0
2007-01-28,0.224,2.147466296038916,7.552,0.0,0.10656845031271717,0.616,230.43,240.30478804725504,249.33,1.0,9.133703961084086,33.0,0.0,1278.0,507.0,1353.0,3138.0
2007-01-29,0.222,1.37685,4.908,0.0,0.11506666666666666,0.692,231.85,240.9295972222222,249.51,1.0,5.788888888888889,21.0,0.0,0.0,0.0,241.0,241.0
2007-01-30,0.228,1.1859708333333334,6.166,0.0,0.1256486111111111,0.874,232.98,241.84087499999998,248.6,1.0,5.028194444444445,25.8,0.0,0.0,85.0,269.0,354.0
2007-01-31,0.226,1.6414944444444444,6.59,0.0,0.12915833333333332,0.718,231.12,239.92113194444443,246.91,1.0,6.923611111111111,28.2,0.0,14.0,0.0,527.0,541.0
2007-02-01,0.222,1.2671944444444445,7.482,0.0,0.10435000000000001,0.5,233.05,240.3921388888889,245.73,1.0,5.3325000000000005,32.0,0.0,0.0,0.0,245.0,245.0
2007-02-02,0.22,1.15815,5.448,0.0,0.09690416666666667,0.38,234.59,240.3343888888889,246.57,1.0,4.870833333333334,23.0,0.0,0.0,467.0,264.0,731.0
2007-02-03,0.236,2.7984180555555556,7.904,0.0,0.17071111111111112,0.76,227.5,238.91019444444444,246.74,1.0,11.815972222222221,34.6,0.0,29.0,1054.0,2600.0,3683.0
2007-02-04,0.22,2.4971805555555555,7.698,0.0,0.12950972222222223,0.64,230.19,239.63333333333333,246.51,1.0,10.565416666666668,32.4,764.0,49.0,1052.0,3177.0,5042.0
2007-02-05,0.222,1.1425555555555555,5.816,0.0,0.10224166666666668,0.562,233.52,240.81031249999998,246.02,1.0,4.820416666666667,24.2,0.0,79.0,0.0,300.0,379.0
2007-02-06,0.214,0.8843611111111112,4.816,0.0,0.09900416666666667,0.45,233.19,241.26415972222225,248.84,1.0,3.7719444444444448,20.2,0.0,28.0,93.0,252.0,373.0
2007-02-07,0.218,1.6166791666666667,6.694,0.0,0.12340833333333333,0.796,230.38,241.14969444444444,248.28,1.0,6.791666666666667,28.4,0.0,32.0,0.0,246.0,278.0
2007-02-08,0.216,1.2509819444444443,5.58,0.0,0.09645555555555554,0.624,233.34,241.79730555555554,248.2,1.0,5.248333333333334,23.6,0.0,29.0,0.0,242.0,271.0
2007-02-09,0.218,1.1251375000000001,6.146,0.0,0.10976805555555556,0.574,234.57,241.74044444444445,248.37,1.0,4.727222222222222,25.4,0.0,15.0,0.0,285.0,300.0
2007-02-10,0.254,1.964811111111111,6.88,0.0,0.1340097222222222,0.688,229.44,240.0368263888889,246.29,1.2,8.303749999999999,30.2,0.0,46.0,0.0,298.0,344.0
2007-02-11,0.252,2.4800194444444443,7.426,0.0,0.1418847222222222,0.82,228.51,239.5061458333333,245.73,1.0,10.526805555555557,31.4,0.0,31.0,0.0,2263.0,2294.0
2007-02-12,0.222,1.3038958333333333,6.514,0.0,0.09493333333333334,0.446,231.09,240.09850000000003,247.2,1.0,5.503472222222222,27.4,0.0,40.0,1072.0,295.0,1407.0
2007-02-13,0.214,0.9823236111111111,4.972,0.0,0.09352638888888888,0.424,231.85,241.16685416666667,247.58,1.0,4.14375,20.8,0.0,0.0,0.0,244.0,244.0
2007-02-14,0.212,1.735188888888889,6.008,0.0,0.14062916666666667,0.662,229.94,240.3753888888889,247.85,0.8,7.315138888888888,25.2,0.0,62.0,0.0,254.0,316.0
2007-02-15,0.246,1.3787125,7.234,0.0,0.11525277777777777,0.646,229.89,240.66922222222223,247.05,1.0,5.820277777777778,30.8,0.0,0.0,0.0,391.0,391.0
2007-02-16,0.252,1.182311111111111,6.316,0.0,0.1053375,0.39,229.4,240.82094444444442,248.99,1.2,5.0465277777777775,27.0,0.0,0.0,1075.0,462.0,1537.0
2007-02-17,0.214,1.4423,7.33,0.0,0.16595,0.806,232.44,239.31603472222224,247.07,1.0,6.129166666666666,31.6,0.0,60.0,1065.0,358.0,1483.0
2007-02-18,0.226,2.6595569444444447,7.16,0.0,0.17744583333333333,0.764,229.74,239.17080555555557,246.08,1.0,11.238888888888889,30.8,635.0,22.0,773.0,3004.0,4434.0
2007-02-19,0.218,1.5184819444444444,7.682,0.0,0.12262777777777778,0.38,227.73,239.78958333333333,246.47,1.0,6.442222222222222,34.0,0.0,68.0,0.0,270.0,338.0
2007-02-20,0.25,2.18745,8.374,0.0,0.1299708333333333,0.434,230.68,239.86544444444445,245.31,1.0,9.168472222222222,35.8,0.0,61.0,0.0,2398.0,2459.0
2007-02-21,0.21,1.4394958333333332,8.974,0.0,0.13185416666666666,0.644,230.04,240.46096527777777,245.7,0.8,6.0744444444444445,39.2,0.0,37.0,0.0,254.0,291.0
2007-02-22,0.252,2.3431696801112656,9.41,0.0,0.0959346314325452,0.498,223.49,238.62353963838666,244.97,1.0,9.870792767732963,41.8,120.0,0.0,98.0,1741.0,1959.0
2007-02-23,0.206,0.9121388888888889,5.468,0.0,0.1037111111111111,0.644,232.08,240.68596527777777,245.79,0.8,3.825416666666667,23.6,0.0,74.0,676.0,239.0,989.0
2007-02-24,0.204,0.4964736111111111,2.464,0.0,0.0848625,0.35,232.92,239.86310416666666,245.94,0.8,2.0858333333333334,10.2,0.0,0.0,0.0,352.0,352.0
2007-02-25,0.21,0.3484305555555556,1.536,0.0,0.07898333333333334,0.372,236.81,241.6815486111111,247.7,0.8,1.462222222222222,6.4,0.0,0.0,0.0,248.0,248.0
2007-02-26,0.21,0.3947805555555556,1.558,0.0,0.07519444444444444,0.388,234.91,241.27359027777777,247.83,0.8,1.658888888888889,6.6,0.0,24.0,238.0,243.0,505.0
2007-02-27,0.21,0.35979999999999995,1.47,0.0,0.07861388888888889,0.36,237.75,242.94427083333332,247.85,0.8,1.5245833333333334,6.2,0.0,0.0,0.0,222.0,222.0
2007-02-28,0.21,0.36164861111111113,1.486,0.0,0.07873055555555555,0.38,235.27,242.15959027777777,247.79,0.8,1.5284722222222222,6.2,0.0,27.0,0.0,237.0,264.0
2007-03-01,0.208,0.3594194444444444,1.472,0.0,0.07474166666666666,0.378,234.41,241.3214027777778,246.98,0.8,1.508888888888889,6.2,0.0,0.0,0.0,219.0,219.0
2007-03-02,0.208,0.35811666666666664,1.468,0.0,0.0743111111111111,0.368,234.0,240.59159722222225,247.04,0.8,1.5068055555555557,6.2,0.0,32.0,0.0,223.0,255.0
2007-03-03,0.206,0.5688347222222222,4.242,0.0,0.09374444444444444,0.364,232.6,241.28808333333336,247.29,0.8,2.401111111111111,18.0,0.0,0.0,0.0,254.0,254.0
2007-03-04,0.208,1.4518749999999998,10.67,0.0,0.12200138888888888,0.628,229.72,240.0297986111111,245.35,0.8,6.158194444444444,46.4,0.0,2.0,0.0,225.0,227.0
2007-03-05,0.208,1.8474527777777776,9.486,0.0,0.14302499999999999,0.656,231.2,240.03090972222222,244.8,0.8,7.840277777777778,40.8,0.0,44.0,0.0,275.0,319.0
2007-03-06,0.202,0.865625,6.508,0.0,0.12926944444444444,0.498,231.59,240.98806944444445,246.95,0.8,3.6956944444444444,27.6,0.0,11.0,0.0,251.0,262.0
2007-03-07,0.204,1.6494486111111113,5.98,0.0,0.11888888888888888,0.672,231.7,240.3235625,247.15,0.8,6.935,25.8,0.0,38.0,277.0,319.0,634.0
2007-03-08,0.224,1.0917583333333334,6.354,0.0,0.13014166666666666,0.818,230.65,240.66542361111112,245.89,1.0,4.665138888888889,27.0,0.0,84.0,0.0,254.0,338.0
2007-03-09,0.22,0.8837583333333334,5.444,0.0,0.08280416666666666,0.408,233.97,240.88846527777778,246.17,1.0,3.73125,23.2,0.0,0.0,0.0,241.0,241.0
2007-03-10,0.22,1.7254944444444444,6.35,0.0,0.16911666666666667,0.77,228.89,239.80283333333335,245.66,1.0,7.341944444444445,27.0,0.0,34.0,0.0,266.0,300.0
2007-03-11,0.228,2.417108333333333,7.142,0.0,0.12039861111111111,0.744,233.49,240.00729166666667,245.78,1.0,10.121527777777779,30.6,0.0,34.0,0.0,2389.0,2423.0
2007-03-12,0.216,1.3546305555555556,6.078,0.0,0.0933486111111111,0.436,230.3,240.55871527777776,247.19,1.0,5.728472222222222,25.6,0.0,35.0,0.0,241.0,276.0
2007-03-13,0.212,0.8959333333333334,5.77,0.0,0.08799861111111111,0.456,230.41,240.89796527777779,245.28,0.8,3.8056944444444443,24.8,0.0,47.0,0.0,228.0,275.0
2007-03-14,0.224,1.2453916666666667,6.114,0.0,0.10939027777777777,0.63,226.98,240.77729166666666,246.38,1.0,5.2675,25.8,0.0,76.0,0.0,317.0,393.0
2007-03-15,0.21,1.3088986111111112,4.574,0.0,0.11064305555555555,0.4,229.98,240.28049305555552,246.11,0.8,5.523194444444444,19.2,0.0,34.0,0.0,520.0,554.0
2007-03-16,0.222,1.1819819444444446,5.342,0.0,0.09042222222222222,0.36,229.46,239.52713194444445,245.36,1.0,4.992361111111111,22.8,0.0,26.0,0.0,732.0,758.0
2007-03-17,0.206,1.4083958333333333,5.642,0.0,0.08824166666666666,0.502,228.55,238.22465277777778,246.01,0.8,5.946111111111111,23.8,0.0,0.0,0.0,490.0,490.0
2007-03-18,0.226,1.6465597222222221,7.994,0.0,0.1676736111111111,0.656,231.38,241.04781944444443,248.6,1.0,7.007916666666667,34.4,0.0,24.0,0.0,258.0,282.0
2007-03-19,0.214,1.4948041666666667,7.452,0.0,0.10053055555555557,0.576,230.96,240.49709027777777,248.06,1.0,6.281944444444444,31.8,560.0,49.0,0.0,250.0,859.0
2007-03-20,0.216,1.4487694444444446,6.55,0.0,0.11449305555555556,0.596,230.76,240.8156388888889,247.97,0.8,6.151249999999999,28.0,0.0,25.0,0.0,253.0,278.0
2007-03-21,0.218,1.487563888888889,5.88,0.0,0.09918750000000001,0.638,231.35,240.98664583333334,248.02,1.0,6.237222222222223,24.6,0.0,43.0,1074.0,254.0,1371.0
2007-03-22,0.202,1.010401388888889,5.744,0.0,0.07904583333333333,0.356,229.3,241.76352777777777,248.68,0.8,4.223055555555556,25.0,353.0,338.0,1081.0,266.0,2038.0
2007-03-23,0.204,0.9090333333333334,4.314,0.0,0.08297777777777778,0.548,230.05,241.64547916666666,247.38,0.8,3.80375,18.0,0.0,33.0,1085.0,241.0,1359.0
2007-03-24,0.2,2.0614097222222223,7.186,0.0,0.13265555555555555,0.656,228.42,239.70447222222222,249.0,0.8,8.703333333333333,31.4,0.0,35.0,0.0,213.0,248.0
2007-03-25,0.242,2.318362751911049,7.918,0.0,0.16398332175121613,0.86,230.93,240.0327588603197,247.42,1.0,9.722307157748435,34.2,0.0,35.0,30.0,2280.0,2345.0
2007-03-26,0.218,0.9833902777777779,5.804,0.0,0.11178194444444445,0.498,231.53,241.3368125,249.64,1.0,4.183055555555556,24.2,0.0,35.0,949.0,247.0,1231.0
2007-03-27,0.212,0.7674583333333334,5.938,0.0,0.10536527777777778,0.584,229.21,240.60197916666664,247.61,1.0,3.296527777777778,25.8,0.0,35.0,0.0,245.0,280.0
2007-03-28,0.218,1.6207625,6.714,0.0,0.13647083333333335,0.716,229.66,240.4446111111111,247.03,1.0,6.854583333333333,28.4,0.0,27.0,0.0,238.0,265.0
2007-03-29,0.212,1.1044486111111111,6.49,0.0,0.13798333333333332,0.57,232.19,240.5366875,247.01,0.8,4.676805555555556,27.6,0.0,10.0,0.0,274.0,284.0
2007-03-30,0.214,0.9738847222222222,5.098,0.0,0.12578333333333333,0.408,231.26,241.03922916666667,247.14,1.0,4.189583333333333,21.2,0.0,52.0,0.0,266.0,318.0
2007-03-31,0.308,2.4371597222222223,7.098,0.0,0.16076666666666667,0.76,231.17,239.26077083333334,246.13,1.4,10.264722222222222,30.2,0.0,19.0,0.0,335.0,354.0
2007-04-01,0.222,1.9346888888888887,8.16,0.0,0.1406611111111111,0.838,230.05,240.02448611111112,246.56,1.0,8.149444444444445,35.0,507.0,31.0,1063.0,698.0,2299.0
2007-04-02,0.206,1.3616513888888888,6.338,0.0,0.12106666666666667,0.598,231.09,240.46011805555557,246.64,0.8,5.71263888888889,27.0,0.0,10.0,1077.0,254.0,1341.0
2007-04-03,0.21,1.1408472222222221,7.928,0.0,0.11719444444444443,0.624,228.02,240.50495833333335,247.48,0.8,4.84625,34.4,0.0,19.0,39.0,241.0,299.0
2007-04-04,0.212,1.4249083333333332,6.266,0.0,0.11966527777777779,0.72,232.32,240.33178472222224,247.31,0.8,5.98625,26.4,0.0,0.0,0.0,259.0,259.0
2007-04-05,0.21,1.2806097222222221,8.102,0.0,0.16981805555555557,0.562,229.31,241.1731041666667,247.58,0.8,5.491527777777778,35.4,0.0,27.0,0.0,260.0,287.0
2007-04-06,0.224,1.111902777777778,5.812,0.0,0.09945416666666666,0.594,234.67,241.18445138888887,246.15,1.0,4.688611111111111,24.6,0.0,43.0,955.0,277.0,1275.0
2007-04-07,0.216,1.079113888888889,5.44,0.0,0.09634027777777777,0.364,232.21,240.37859027777776,245.85,1.0,4.564583333333333,23.0,0.0,10.0,0.0,949.0,959.0
2007-04-08,0.208,1.1172333333333333,3.598,0.0,0.0943625,0.388,233.42,240.34918055555556,245.8,0.8,4.719861111111111,15.0,0.0,54.0,371.0,2339.0,2764.0
2007-04-09,0.21,0.6950833333333333,3.766,0.0,0.1111875,0.424,235.0,240.55048611111113,244.81,0.8,2.974583333333333,15.8,0.0,48.0,0.0,240.0,288.0
2007-04-10,0.212,0.5398361111111112,3.076,0.0,0.10343055555555555,0.462,235.24,240.8137013888889,245.5,0.8,2.347361111111111,12.8,0.0,21.0,0.0,248.0,269.0
2007-04-11,0.212,0.6163069444444444,2.906,0.0,0.13364305555555556,0.418,236.44,241.1548263888889,246.27,0.8,2.61875,12.8,0.0,86.0,1067.0,311.0,1464.0
2007-04-12,0.21,0.37340694444444444,1.542,0.0,0.10264722222222224,0.344,236.9,240.25606249999998,244.1,0.8,1.5979166666666667,6.4,0.0,60.0,0.0,249.0,309.0
2007-04-13,0.21,0.3826541666666667,1.466,0.0,0.10530555555555554,0.346,236.84,240.05048611111113,243.53,0.8,1.6433333333333333,6.2,0.0,45.0,0.0,259.0,304.0
2007-04-14,0.212,0.38490833333333335,1.526,0.0,0.1080625,0.36,234.69,240.31314583333332,244.24,0.8,1.6513888888888888,6.4,0.0,34.0,0.0,246.0,280.0
2007-04-15,0.122,0.5042805555555555,3.906,0.0,0.11912777777777779,0.518,235.57,240.23668750000002,245.98,0.6,2.1865277777777776,16.4,0.0,17.0,0.0,254.0,271.0
2007-04-16,0.124,0.6613819444444444,6.026,0.0,0.12921805555555557,0.548,233.96,240.6571388888889,244.67,0.6,2.8724999999999996,25.4,0.0,26.0,0.0,164.0,190.0
2007-04-17,0.14,0.8498152777777778,6.41,0.0,0.15163472222222224,0.65,232.63,240.19566666666668,245.53,0.6,3.6908333333333334,27.8,0.0,25.0,0.0,226.0,251.0
2007-04-18,0.122,0.6932263888888889,6.054,0.0,0.11473888888888888,0.72,234.24,240.14677777777777,244.86,0.6,2.9954166666666664,25.8,0.0,8.0,0.0,1044.0,1052.0
2007-04-19,0.128,0.7143458333333332,5.798,0.0,0.10393055555555555,0.58,233.53,240.42984027777777,245.96,0.6,3.055833333333333,24.8,0.0,24.0,0.0,517.0,541.0
2007-04-20,0.118,0.5712361111111112,5.814,0.0,0.10114305555555557,0.398,234.84,240.13289583333332,244.73,0.6,2.494861111111111,24.6,0.0,23.0,0.0,164.0,187.0
2007-04-21,0.112,1.162261111111111,7.336,0.0,0.14767916666666667,0.656,228.82,239.21323611111112,245.22,0.6,5.035694444444444,32.0,0.0,13.0,0.0,146.0,159.0
2007-04-22,0.138,1.5511902777777777,6.958,0.0,0.1855513888888889,0.714,230.62,239.60888194444442,245.46,0.6,6.688472222222222,29.8,0.0,19.0,0.0,314.0,333.0
2007-04-23,0.104,0.7323375,4.676,0.0,0.09419444444444444,0.37,227.45,237.23564583333334,243.87,0.6,3.264166666666666,19.6,0.0,16.0,0.0,335.0,351.0
2007-04-24,0.108,0.716736111111111,5.638,0.0,0.09393333333333334,0.358,229.17,235.3449236111111,241.38,0.6,3.1448611111111116,24.6,0.0,21.0,0.0,203.0,224.0
2007-04-25,0.106,0.8778902777777778,4.602,0.0,0.11439999999999999,0.392,229.3,234.94111111111113,239.87,0.4,3.858055555555556,20.0,0.0,5.0,0.0,189.0,194.0
2007-04-26,0.106,0.8857402777777778,5.394,0.0,0.11361527777777777,0.366,225.33,234.7872986111111,241.13,0.6,3.92375,23.8,0.0,58.0,0.0,146.0,204.0
2007-04-27,0.104,0.7599527777777778,4.658,0.0,0.11245,0.514,229.26,235.21616666666668,239.69,0.4,3.3125,20.4,0.0,0.0,290.0,135.0,425.0
2007-04-28,0.488,1.0827619047619048,1.478,0.084,0.1361904761904762,0.218,232.43,233.98619047619047,236.24,2.2,4.6380952380952385,6.4,0.0,18.0,0.0,349.0,367.0
2007-04-29,,,,,,,,,,,,,,,,,
2007-04-30,0.138,0.73059375,3.966,0.0,0.12451041666666668,0.502,228.49,234.87003472222224,240.03,0.6,3.239236111111111,17.2,0.0,0.0,0.0,0.0,0.0
2007-05-01,0.126,1.1554569444444445,6.096,0.0,0.12611666666666668,0.662,224.62,234.6787013888889,239.63,0.6,5.073333333333333,27.0,0.0,16.0,0.0,259.0,275.0
2007-05-02,0.122,0.6968652777777777,5.76,0.0,0.11117500000000001,0.638,231.22,235.58207638888888,240.42,0.6,3.1415277777777777,24.8,0.0,9.0,0.0,346.0,355.0
2007-05-03,0.106,0.7571097222222223,4.712,0.0,0.10482083333333334,0.4,226.77,235.1348888888889,239.97,0.6,3.307638888888889,20.4,780.0,1095.0,0.0,326.0,2201.0
2007-05-04,0.112,0.6931444444444445,5.702,0.0,0.12134722222222223,0.448,226.75,235.71019444444443,241.58,0.6,3.0780555555555553,24.6,0.0,14.0,0.0,143.0,157.0
2007-05-05,0.11,1.0854527777777778,5.642,0.0,0.12090416666666667,0.55,227.77,235.03502083333333,241.02,0.6,4.736111111111111,24.4,464.0,34.0,0.0,128.0,625.0
2007-05-06,0.13,1.4597944444444444,6.126,0.0,0.12662222222222222,0.528,225.56,234.4096527777778,238.98,0.6,6.409027777777778,26.6,0.0,1.0,166.0,888.0,1055.0
2007-05-07,0.118,1.1414333333333333,7.572,0.0,0.11730416666666667,0.54,225.55,234.5369722222222,239.4,0.6,4.980972222222222,33.2,0.0,0.0,845.0,169.0,1014.0
2007-05-08,0.128,1.2425638888888888,7.672,0.0,0.12611944444444445,0.858,226.09,234.9062361111111,239.08,0.6,5.356388888888889,33.4,0.0,16.0,0.0,862.0,878.0
2007-05-09,0.116,1.1567611111111111,6.356,0.0,0.12741944444444445,0.52,227.47,234.8737222222222,239.79,0.6,5.056111111111111,27.8,0.0,1.0,0.0,169.0,170.0
2007-05-10,0.112,0.4915861111111111,4.276,0.0,0.11688472222222222,0.594,230.87,235.79625694444442,241.34,0.6,2.2068055555555555,18.2,0.0,21.0,0.0,150.0,171.0
2007-05-11,0.11,0.6799680555555555,4.724,0.0,0.09173333333333333,0.368,229.88,235.22975694444443,240.7,0.6,3.027638888888889,20.6,0.0,0.0,0.0,151.0,151.0
2007-05-12,0.148,1.0010875000000001,7.172,0.0,0.14525833333333332,0.638,227.37,234.72290277777776,239.81,0.6,4.360555555555555,31.2,0.0,55.0,105.0,171.0,331.0
2007-05-13,0.142,1.1352347222222223,5.562,0.0,0.15324305555555554,0.988,226.22,235.7087083333333,240.65,0.6,4.969166666666667,24.4,0.0,34.0,0.0,366.0,400.0
2007-05-14,0.2,1.0192930555555555,5.62,0.0,0.2073277777777778,0.676,226.13,235.69006944444445,240.51,1.0,4.574166666666667,25.4,0.0,8.0,0.0,253.0,261.0
2007-05-15,0.226,0.62805,4.228,0.0,0.07720972222222222,0.32,229.22,235.61199305555556,242.09,1.0,2.7333333333333334,18.2,0.0,16.0,0.0,306.0,322.0
2007-05-16,0.206,1.1756555555555555,5.64,0.0,0.09437083333333333,0.438,228.81,235.26081250000001,241.15,0.8,5.071805555555556,24.4,0.0,32.0,276.0,243.0,551.0
2007-05-17,0.214,0.8554277777777778,5.81,0.0,0.09110277777777777,0.336,226.96,235.86845833333334,239.99,1.0,3.720972222222222,25.4,0.0,34.0,0.0,243.0,277.0
2007-05-18,0.206,1.1330069444444444,6.126,0.0,0.11892916666666667,0.736,226.91,235.9945972222222,241.27,0.8,4.876666666666666,27.2,0.0,20.0,2.0,654.0,676.0
2007-05-19,0.216,0.9926680555555556,4.524,0.0,0.11656805555555556,0.616,228.48,234.94472222222223,241.43,1.0,4.319305555555555,19.8,0.0,36.0,0.0,259.0,295.0
2007-05-20,0.218,1.3668944444444444,5.344,0.0,0.13023055555555557,0.912,227.88,235.34811805555555,240.69,1.0,5.941527777777777,23.4,0.0,27.0,328.0,256.0,611.0
2007-05-21,0.206,0.7778208333333333,4.572,0.0,0.08144444444444444,0.464,227.61,234.6919097222222,239.78,0.8,3.338611111111111,19.6,0.0,42.0,636.0,289.0,967.0
2007-05-22,0.2,0.7867027777777779,5.328,0.0,0.089525,0.464,229.7,235.48057638888892,241.63,0.8,3.3998611111111114,23.0,0.0,35.0,0.0,241.0,276.0
2007-05-23,0.204,1.0173166666666666,5.432,0.0,0.11519305555555555,0.584,228.49,234.81249305555554,239.84,0.8,4.3975,23.6,0.0,75.0,0.0,230.0,305.0
2007-05-24,0.204,0.8016583333333333,5.462,0.0,0.0941388888888889,0.618,229.57,235.5460625,241.71,0.8,3.462083333333333,23.6,0.0,3.0,0.0,267.0,270.0
2007-05-25,0.206,1.1209861111111112,6.98,0.0,0.12124166666666666,0.566,225.66,234.44720138888886,241.41,0.8,4.863472222222222,30.2,0.0,57.0,0.0,254.0,311.0
2007-05-26,0.216,1.0501722222222223,4.974,0.0,0.12100000000000001,0.468,228.28,235.0698888888889,240.91,1.0,4.562777777777778,21.8,0.0,37.0,0.0,257.0,294.0
2007-05-27,0.218,1.4957,6.776,0.0,0.15270416666666667,0.734,228.09,234.90843750000002,239.74,1.0,6.5065277777777775,30.0,0.0,11.0,0.0,381.0,392.0
2007-05-28,0.204,1.1371305555555555,5.798,0.0,0.10493055555555555,0.67,228.12,234.90657638888888,240.37,0.8,4.921944444444445,25.2,0.0,47.0,0.0,348.0,395.0
2007-05-29,0.206,0.7370416666666666,4.226,0.0,0.07864166666666667,0.326,229.41,235.6943472222222,240.95,0.8,3.2072222222222218,18.8,0.0,33.0,86.0,259.0,378.0
2007-05-30,0.204,1.1179625,6.124,0.0,0.10212361111111111,0.488,228.09,234.83139583333335,240.43,0.8,4.8284722222222225,26.4,0.0,0.0,0.0,248.0,248.0
2007-05-31,0.198,0.6517708333333333,4.5,0.0,0.08999027777777778,0.422,229.24,235.09652777777777,239.33,0.8,2.7918055555555554,20.0,0.0,34.0,643.0,216.0,893.0
2007-06-01,0.204,0.7261417651146629,5.354,0.0,0.09950104239054898,0.43,228.41,235.32332175121613,241.82,0.8,3.1356497567755386,23.2,0.0,37.0,0.0,272.0,309.0
2007-06-02,0.21,1.0308069444444445,6.602,0.0,0.11535277777777778,0.792,227.71,234.4690277777778,239.24,1.0,4.474027777777778,29.4,0.0,0.0,0.0,458.0,458.0
2007-06-03,0.218,1.4639069444444444,6.79,0.0,0.12670694444444444,0.49,227.28,234.762375,240.34,1.0,6.352916666666667,30.0,0.0,15.0,0.0,540.0,555.0
2007-06-04,0.18,0.6330680555555556,4.452,0.0,0.15499444444444446,0.524,228.54,234.7480694444444,241.27,0.8,2.8222222222222224,19.2,0.0,91.0,0.0,227.0,318.0
2007-06-05,0.182,1.0131194444444445,5.518,0.0,0.17756388888888888,0.88,227.33,234.6927638888889,240.76,0.8,4.465138888888889,24.0,2.0,66.0,751.0,732.0,1551.0
2007-06-06,0.176,1.176954829742877,5.326,0.0,0.1605698401667825,0.758,227.48,234.62163307852677,240.17,0.8,5.108825573314802,23.4,463.0,0.0,1010.0,247.0,1720.0
2007-06-07,0.17,0.6840291666666667,3.682,0.0,0.11967638888888889,0.562,229.21,234.47880555555554,242.59,0.8,2.9823611111111115,16.4,0.0,60.0,0.0,230.0,290.0
2007-06-08,0.172,1.491698611111111,7.614,0.0,0.1595361111111111,0.986,226.6,236.19744444444444,246.24,0.8,6.448194444444444,32.6,0.0,55.0,0.0,228.0,283.0
2007-06-09,0.19,0.7559300998573467,4.548,0.0,0.16166619115549216,0.856,234.38,240.70545649072753,246.06,0.8,3.2562054208273894,19.2,0.0,25.0,0.0,423.0,448.0
2007-06-10,0.1,0.9311194444444444,5.842,0.0,0.1660361111111111,0.6,231.2,240.84428472222223,244.89,0.4,4.005694444444444,24.6,0.0,0.0,0.0,614.0,614.0
2007-06-11,0.11,0.5518430555555556,5.044,0.0,0.13516250000000002,0.48,232.57,240.85674999999998,245.46,0.4,2.4179166666666667,21.4,0.0,33.0,0.0,331.0,364.0
2007-06-12,0.096,0.6380319444444444,6.092,0.0,0.1502888888888889,0.564,231.85,240.2248958333333,244.34,0.4,2.8586111111111108,26.2,0.0,8.0,733.0,194.0,935.0
2007-06-13,0.098,0.643938888888889,4.652,0.0,0.144625,0.454,233.18,240.39760416666667,244.56,0.4,2.8175,20.0,0.0,31.0,0.0,147.0,178.0
2007-06-14,0.096,0.8743638888888889,6.476,0.0,0.1609,0.72,234.26,239.84778472222223,244.04,0.4,3.783333333333333,27.2,0.0,32.0,0.0,136.0,168.0
2007-06-15,0.084,0.687225,5.376,0.0,0.1748347222222222,0.606,233.34,240.46438194444445,245.92,0.4,3.0662499999999997,23.0,440.0,478.0,451.0,169.0,1538.0
2007-06-16,0.098,1.4012236111111112,4.928,0.0,0.21358194444444445,0.822,234.13,239.50169444444444,243.8,0.4,5.975,21.2,0.0,70.0,0.0,183.0,253.0
2007-06-17,0.098,1.3521458333333334,6.436,0.0,0.1665375,0.69,230.33,240.21918055555554,245.94,0.4,5.7693055555555555,27.4,0.0,86.0,20.0,835.0,941.0
2007-06-18,0.084,0.47116250000000004,4.638,0.0,0.1255625,0.462,233.49,240.77620138888886,245.73,0.4,2.07875,19.6,0.0,49.0,0.0,165.0,214.0
2007-06-19,0.084,0.5857858136300418,5.202,0.0,0.13072739916550763,0.436,233.59,240.26925591098748,246.72,0.4,2.560778859527121,22.4,0.0,1.0,266.0,266.0,533.0
2007-06-20,0.082,0.7460319444444445,6.496,0.0,0.1578486111111111,1.148,233.95,240.15616666666668,246.14,0.4,3.3068055555555556,28.0,0.0,0.0,0.0,134.0,134.0
2007-06-21,0.106,0.5603791666666667,6.522,0.0,0.15454583333333333,0.544,234.02,240.57494444444444,245.02,0.4,2.500833333333333,27.8,0.0,12.0,0.0,152.0,164.0
2007-06-22,0.116,0.3932597222222222,4.22,0.0,0.14480972222222224,0.378,235.87,240.83563194444443,245.39,0.6,1.807361111111111,17.8,0.0,105.0,0.0,158.0,263.0
2007-06-23,0.118,0.33164305555555557,2.926,0.0,0.13411111111111113,0.514,235.94,240.31896527777778,243.55,0.6,1.5356944444444445,12.2,0.0,0.0,0.0,159.0,159.0
2007-06-24,0.12,0.49628888888888884,3.34,0.0,0.12455694444444444,0.364,235.19,241.1322152777778,244.95,0.6,2.207638888888889,14.0,0.0,0.0,0.0,170.0,170.0
2007-06-25,0.112,0.7445847222222223,7.164,0.0,0.13699305555555558,0.674,232.03,240.4222638888889,245.54,0.6,3.25,31.0,0.0,0.0,0.0,392.0,392.0
2007-06-26,0.118,0.6561861111111111,7.29,0.0,0.12668055555555555,0.776,232.08,240.09450694444448,245.45,0.6,2.877083333333333,31.2,1.0,46.0,237.0,365.0,649.0
2007-06-27,0.122,1.0283513888888889,7.436,0.0,0.1437486111111111,0.654,231.24,239.7584097222222,245.01,0.6,4.429166666666666,32.2,0.0,9.0,0.0,182.0,191.0
2007-06-28,0.15,0.8996097222222222,6.2,0.0,0.15100416666666666,0.712,232.01,239.4236666666667,245.45,0.6,3.8895833333333334,27.0,0.0,80.0,0.0,219.0,299.0
2007-06-29,0.124,0.906322446143155,5.188,0.0,0.14328978457261987,0.714,232.15,240.18230020847813,245.02,0.6,3.9424600416956217,22.0,0.0,17.0,0.0,623.0,640.0
2007-06-30,0.126,0.9273013888888889,6.376,0.0,0.1308013888888889,0.49,233.74,240.01161111111108,243.89,0.6,3.9715277777777778,27.0,0.0,73.0,0.0,162.0,235.0
2007-07-01,0.156,0.7129611111111112,2.966,0.0,0.11975555555555556,0.764,234.57,240.06715277777778,244.04,0.6,3.080694444444444,12.6,6.0,73.0,1032.0,1352.0,2463.0
2007-07-02,0.11,0.67155,6.694,0.0,0.1228638888888889,0.614,234.82,240.6718125,245.31,0.6,2.9277777777777776,28.4,0.0,74.0,0.0,155.0,229.0
2007-07-03,0.166,0.73605,6.702,0.0,0.1252347222222222,0.47,231.99,240.1869375,245.62,0.8,3.2306944444444445,28.8,0.0,36.0,0.0,441.0,477.0
2007-07-04,0.144,0.6968125,5.346,0.0,0.1759263888888889,0.986,235.02,240.65963194444444,244.91,0.6,3.0954166666666665,22.6,508.0,64.0,0.0,218.0,790.0
2007-07-05,0.124,0.7342291666666666,5.564,0.0,0.17133055555555557,0.526,234.19,240.44444444444446,245.17,0.6,3.2331944444444445,23.4,0.0,67.0,0.0,243.0,310.0
2007-07-06,0.124,0.7427250000000001,7.24,0.0,0.1523263888888889,0.666,233.37,240.5994513888889,245.04,0.6,3.2686111111111114,31.0,241.0,68.0,0.0,186.0,495.0
2007-07-07,0.11,0.943198611111111,6.962,0.0,0.14864166666666667,0.446,235.22,239.91013888888887,243.55,0.4,4.034861111111111,29.4,0.0,946.0,352.0,1202.0,2500.0
2007-07-08,0.13,0.7563055555555555,6.17,0.0,0.13674999999999998,0.506,230.58,240.33889583333334,244.56,0.6,3.289305555555556,26.8,0.0,63.0,0.0,284.0,347.0
2007-07-09,0.134,0.8195541666666666,5.914,0.0,0.1197375,0.524,234.73,240.6176458333333,245.74,0.6,3.51625,25.0,0.0,0.0,990.0,570.0,1560.0
2007-07-10,0.124,0.6307805555555556,6.284,0.0,0.12239166666666666,0.742,233.79,239.98305555555555,245.11,0.6,2.786111111111111,26.8,67.0,39.0,700.0,469.0,1275.0
2007-07-11,0.12,0.5016333333333333,4.166,0.0,0.10684444444444444,0.352,235.5,241.0300347222222,245.18,0.6,2.1994444444444445,17.4,0.0,32.0,0.0,174.0,206.0
2007-07-12,0.128,0.7427652777777779,5.822,0.0,0.14520694444444446,0.686,235.24,240.76461805555556,246.52,0.6,3.2336111111111108,24.6,0.0,48.0,137.0,300.0,485.0
2007-07-13,0.132,0.5516541666666667,5.456,0.0,0.14353749999999998,0.546,234.92,240.85480555555554,246.06,0.6,2.450833333333333,23.2,0.0,73.0,0.0,212.0,285.0
2007-07-14,0.116,0.8945625,4.874,0.0,0.17947916666666666,0.718,236.3,241.29188194444444,245.67,0.6,3.8940277777777776,20.4,0.0,38.0,653.0,390.0,1081.0
2007-07-15,0.138,0.700018320610687,3.71,0.0,0.17800152671755723,0.96,235.72,240.5965496183206,243.58,0.6,3.0916030534351147,15.6,0.0,0.0,0.0,226.0,226.0
2007-07-16,0.124,0.5928291666666666,4.35,0.0,0.16247222222222224,0.678,229.85,236.5072361111111,244.36,0.6,2.6605555555555553,18.4,0.0,39.0,234.0,189.0,462.0
2007-07-17,0.116,0.49974444444444444,3.67,0.0,0.12228333333333333,0.37,228.3,234.74125694444442,239.62,0.6,2.27625,15.6,0.0,57.0,0.0,167.0,224.0
2007-07-18,0.112,0.5257513888888888,5.104,0.0,0.10869027777777779,0.336,224.44,231.08822916666665,239.07,0.6,2.3868055555555556,22.0,0.0,26.0,0.0,166.0,192.0
2007-07-19,0.116,0.47075416666666664,4.222,0.0,0.12986944444444445,0.666,227.55,234.26186111111113,242.51,0.6,2.1438888888888887,18.2,0.0,23.0,0.0,175.0,198.0
2007-07-20,0.116,0.771126388888889,5.686,0.0,0.15494305555555554,0.742,225.45,235.56890277777777,250.92,0.6,3.451666666666666,25.2,0.0,0.0,0.0,183.0,183.0
2007-07-21,0.11,0.7362833333333334,4.724,0.0,0.1639986111111111,1.092,229.0,234.25662499999999,238.76,0.6,3.291527777777778,20.6,0.0,0.0,0.0,164.0,164.0
2007-07-22,0.12,0.9560625434329396,6.596,0.0,0.15166504517025714,0.908,225.25,235.96373175816538,240.44,0.6,4.226546212647672,29.0,121.0,0.0,169.0,197.0,487.0
2007-07-23,0.116,0.6882069444444444,5.518,0.0,0.09984027777777779,0.756,227.4,234.50086805555554,238.64,0.6,3.075972222222222,24.4,0.0,35.0,0.0,166.0,201.0
2007-07-24,0.11,0.5731138888888889,3.052,0.0,0.07834027777777777,0.314,230.72,235.36304166666667,239.98,0.6,2.550972222222222,13.0,0.0,0.0,0.0,151.0,151.0
2007-07-25,0.122,0.32816666666666666,3.946,0.0,0.0751625,0.224,230.66,235.6410486111111,240.1,0.6,1.4793055555555554,17.0,0.0,66.0,0.0,167.0,233.0
2007-07-26,0.112,0.6420138888888889,5.476,0.0,0.079925,0.538,229.54,234.94372222222225,239.56,0.6,2.8381944444444445,23.8,0.0,0.0,0.0,163.0,163.0
2007-07-27,0.112,0.8350791666666666,4.608,0.0,0.08365,0.462,229.4,235.55368055555556,241.11,0.6,3.6233333333333335,19.8,0.0,10.0,0.0,150.0,160.0
2007-07-28,0.102,1.1262930555555557,5.802,0.0,0.12411805555555555,0.964,228.29,235.5072361111111,240.64,0.4,4.941666666666666,25.4,0.0,0.0,256.0,163.0,419.0
2007-07-29,0.098,0.2229972222222222,1.298,0.0,0.08234444444444444,0.23,230.14,235.71203472222223,240.58,0.4,1.0334722222222223,5.6,0.0,0.0,0.0,135.0,135.0
2007-07-30,0.098,0.3241777777777778,4.1,0.0,0.08992499999999999,0.372,230.1,235.5302291666667,240.02,0.4,1.4672222222222224,17.8,0.0,0.0,0.0,140.0,140.0
2007-07-31,0.098,0.5641194444444444,3.848,0.0,0.10124027777777778,0.456,227.79,234.9148125,239.94,0.4,2.5025,16.4,0.0,0.0,104.0,132.0,236.0
2007-08-01,0.1,0.7472431289640592,3.71,0.0,0.10046229739252996,0.252,228.41,235.00917547568713,240.09,0.4,3.253417899929528,16.2,0.0,0.0,0.0,131.0,131.0
2007-08-02,0.1,0.7079277777777778,3.596,0.0,0.1006625,0.384,229.23,234.85659027777777,238.65,0.4,3.087083333333333,15.8,0.0,0.0,0.0,161.0,161.0
2007-08-03,0.102,0.7384472222222223,4.548,0.0,0.087075,0.23,227.5,234.4856041666667,238.81,0.4,3.2072222222222218,19.8,0.0,0.0,536.0,500.0,1036.0
2007-08-04,0.098,0.7951319444444445,3.64,0.0,0.09668472222222223,0.26,228.79,235.25722222222223,239.65,0.4,3.4523611111111108,15.8,0.0,0.0,0.0,1104.0,1104.0
2007-08-05,0.1,0.5465958333333333,4.294,0.0,0.10503749999999999,0.232,228.95,235.11527083333334,238.7,0.4,2.4368055555555554,18.6,0.0,0.0,983.0,792.0,1775.0
2007-08-06,0.102,0.75675,5.146,0.0,0.10724583333333333,0.234,228.93,234.70274305555557,240.17,0.4,3.3170833333333336,22.4,0.0,0.0,61.0,876.0,937.0
2007-08-07,0.098,1.0302638888888889,4.778,0.0,0.0910986111111111,0.406,228.81,234.55388194444447,239.96,0.4,4.425972222222222,20.6,0.0,0.0,516.0,1595.0,2111.0
2007-08-08,0.102,0.7815847222222222,5.702,0.0,0.08270555555555556,0.262,226.95,234.512375,239.55,0.4,3.3805555555555555,25.0,0.0,0.0,908.0,1055.0,1963.0
2007-08-09,0.1,0.7442222222222222,6.332,0.0,0.07602361111111111,0.278,226.64,234.21438888888886,238.9,0.4,3.272361111111111,28.0,0.0,995.0,406.0,1255.0,2656.0
2007-08-10,0.102,0.7138958333333333,5.572,0.0,0.08170555555555556,0.444,226.78,234.48881250000002,238.92,0.4,3.1297222222222225,24.6,0.0,0.0,575.0,473.0,1048.0
2007-08-11,0.102,0.7580902777777778,5.602,0.0,0.08039583333333333,0.284,229.78,234.98018055555556,238.82,0.4,3.2856944444444443,24.2,0.0,27.0,983.0,320.0,1329.0
2007-08-12,0.102,0.8624333333333334,7.548,0.0,0.08873333333333333,0.34,226.46,235.6648541666667,239.59,0.4,3.742777777777778,33.2,0.0,0.0,0.0,758.0,758.0
2007-08-13,0.1,0.8007027777777778,3.36,0.0,0.09093055555555556,0.27,230.6,235.21656944444445,240.62,0.4,3.44875,14.6,0.0,223.0,1003.0,723.0,1949.0
2007-08-14,0.102,0.6536041666666667,5.534,0.0,0.09167361111111111,0.332,229.62,237.07638888888889,241.8,0.4,2.8541666666666665,24.0,0.0,0.0,667.0,243.0,910.0
2007-08-15,0.106,0.8276805555555555,6.508,0.0,0.11094722222222222,0.552,231.39,239.99340972222222,245.81,0.4,3.5420833333333337,28.0,0.0,51.0,853.0,1123.0,2027.0
2007-08-16,0.104,0.6656222222222222,4.146,0.0,0.09134166666666667,0.262,233.51,239.73765972222222,244.79,0.4,2.843888888888889,17.6,0.0,0.0,729.0,906.0,1635.0
2007-08-17,0.1,0.7013138888888888,5.142,0.0,0.0884638888888889,0.252,232.85,240.4940486111111,245.29,0.4,2.9815277777777776,22.0,0.0,0.0,1040.0,1666.0,2706.0
2007-08-18,0.102,0.24163888888888888,1.384,0.0,0.08280555555555555,0.246,237.97,241.27963194444445,244.86,0.4,1.0788888888888888,5.8,0.0,0.0,0.0,134.0,134.0
2007-08-19,0.102,0.9877041666666667,6.63,0.0,0.11112361111111112,0.562,233.02,239.9536666666667,243.76,0.4,4.2619444444444445,28.2,0.0,0.0,0.0,145.0,145.0
2007-08-20,0.11,0.929751388888889,5.084,0.0,0.10825,0.654,235.67,241.30069444444445,246.54,0.4,3.9633333333333334,21.4,0.0,10.0,0.0,136.0,146.0
2007-08-21,0.104,0.44621944444444445,4.96,0.0,0.10924166666666667,0.586,235.36,240.57305555555556,245.26,0.4,1.961111111111111,20.8,0.0,10.0,0.0,172.0,182.0
2007-08-22,0.108,0.8401444444444445,5.332,0.0,0.10714444444444446,0.442,234.88,240.81731944444445,244.29,0.4,3.57125,22.6,0.0,0.0,0.0,174.0,174.0
2007-08-23,0.106,0.7724388888888888,5.17,0.0,0.10969027777777779,0.55,235.13,240.64730555555556,244.61,0.4,3.330277777777778,22.0,0.0,37.0,0.0,142.0,179.0
2007-08-24,0.112,1.1509478804725504,8.694,0.0,0.1825517720639333,0.734,232.53,240.49464211257816,244.62,0.4,4.938568450312718,37.4,488.0,75.0,0.0,268.0,831.0
2007-08-25,0.112,0.7992222222222223,6.796,0.0,0.18926944444444443,0.612,231.78,239.8598263888889,244.82,0.4,3.55375,28.8,437.0,1275.0,1029.0,738.0,3478.0
2007-08-26,0.114,0.9131291666666667,8.166,0.0,0.2079083333333333,0.744,233.16,239.95091666666667,243.65,0.4,4.012638888888889,35.0,0.0,25.0,176.0,233.0,434.0
2007-08-27,0.114,0.8414791666666667,5.194,0.0,0.20769722222222223,0.466,232.22,239.92358333333334,244.59,0.4,3.6912499999999997,21.6,0.0,66.0,0.0,180.0,246.0
2007-08-28,0.108,0.6923638888888889,4.104,0.0,0.12577361111111113,0.436,234.26,239.54987500000001,245.14,0.4,2.996111111111111,17.4,496.0,7.0,981.0,741.0,2225.0
2007-08-29,0.108,0.5194388888888889,4.292,0.0,0.1218236111111111,0.534,234.8,240.74499305555554,245.98,0.4,2.279583333333333,18.2,0.0,41.0,0.0,163.0,204.0
2007-08-30,0.106,0.8350402777777778,5.018,0.0,0.13267222222222222,0.572,234.23,240.57317361111112,244.84,0.4,3.6043055555555554,21.2,0.0,25.0,0.0,149.0,174.0
2007-08-31,0.104,0.8887652777777777,5.164,0.0,0.1300388888888889,0.572,231.05,239.98570138888888,245.22,0.4,3.788472222222222,22.0,0.0,74.0,0.0,327.0,401.0
2007-09-01,0.11,1.1815875,4.934,0.0,0.20128194444444444,0.902,232.88,239.35574305555556,244.37,0.4,5.065416666666667,21.0,0.0,8.0,0.0,242.0,250.0
2007-09-02,0.098,1.1544916666666667,5.306,0.0,0.16083194444444446,0.872,232.71,240.04533333333336,245.3,0.4,5.017222222222222,22.4,851.0,33.0,496.0,281.0,1661.0
2007-09-03,0.118,0.7214736111111111,5.002,0.0,0.1308486111111111,0.694,233.67,239.62034722222222,245.38,0.6,3.1306944444444444,21.4,0.0,54.0,189.0,283.0,526.0
2007-09-04,0.12,1.1006555555555555,5.868,0.0,0.12474027777777778,0.448,230.83,239.65966666666665,245.32,0.6,4.755972222222223,25.4,0.0,45.0,346.0,169.0,560.0
2007-09-05,0.112,0.8587305555555554,7.98,0.0,0.10337777777777778,0.422,231.7,239.1481597222222,245.09,0.6,3.697638888888889,34.4,0.0,64.0,0.0,183.0,247.0
2007-09-06,0.11,0.6260236111111112,5.748,0.0,0.11946250000000001,0.442,233.0,239.3400486111111,244.01,0.6,2.752222222222222,24.6,0.0,997.0,0.0,141.0,1138.0
2007-09-07,0.108,0.9281222222222223,5.656,0.0,0.12620694444444444,0.568,231.22,239.0317013888889,245.59,0.4,4.007222222222222,24.2,0.0,0.0,0.0,136.0,136.0
2007-09-08,0.112,1.020661111111111,5.896,0.0,0.12939583333333335,0.584,231.87,239.73044444444446,244.91,0.6,4.391944444444444,25.2,0.0,34.0,0.0,254.0,288.0
2007-09-09,0.122,1.1663208333333333,5.69,0.0,0.14524444444444443,0.59,230.0,238.92214583333333,245.33,0.6,5.054027777777778,24.2,0.0,61.0,0.0,227.0,288.0
2007-09-10,0.106,0.7759555555555555,6.106,0.0,0.1232625,0.39,233.54,239.3886597222222,245.29,0.4,3.36375,26.0,0.0,39.0,1067.0,160.0,1266.0
2007-09-11,0.106,0.6830361111111111,4.736,0.0,0.10539166666666668,0.634,235.02,240.07199305555554,244.79,0.4,2.9520833333333334,20.0,0.0,0.0,0.0,170.0,170.0
2007-09-12,0.114,0.8942805555555555,6.18,0.0,0.1193013888888889,0.51,232.61,240.01505555555556,245.8,0.6,3.86,26.4,0.0,14.0,1077.0,166.0,1257.0
2007-09-13,0.106,0.7960986111111111,6.752,0.0,0.11524861111111111,0.576,232.09,239.3098333333333,246.11,0.6,3.4644444444444447,28.8,0.0,75.0,0.0,140.0,215.0
2007-09-14,0.118,0.7885208333333333,5.246,0.0,0.12717083333333334,0.514,231.62,239.30189583333333,246.49,0.6,3.444722222222222,22.4,0.0,42.0,0.0,327.0,369.0
2007-09-15,0.124,0.7606333333333333,5.452,0.0,0.1281013888888889,0.694,233.09,240.00197222222224,245.16,0.6,3.278194444444445,23.4,0.0,9.0,147.0,299.0,455.0
2007-09-16,0.11,1.1473777777777778,6.04,0.0,0.13357777777777777,0.836,228.94,239.56046527777778,244.72,0.4,4.96625,26.4,0.0,0.0,0.0,354.0,354.0
2007-09-17,0.11,1.0147125,8.11,0.0,0.14049583333333332,0.752,228.89,239.21479861111112,244.51,0.6,4.413472222222222,35.4,0.0,31.0,222.0,175.0,428.0
2007-09-18,0.106,0.8107777777777778,5.242,0.0,0.102175,0.572,231.68,238.26067361111112,246.32,0.6,3.5127777777777776,22.4,0.0,28.0,0.0,153.0,181.0
2007-09-19,0.106,0.9018638888888889,5.992,0.0,0.1054125,0.528,233.52,240.30520833333333,245.66,0.4,3.8833333333333333,25.4,0.0,0.0,0.0,172.0,172.0
2007-09-20,0.106,0.8718972222222222,6.148,0.0,0.09229722222222221,0.34,230.96,239.71498611111113,244.72,0.4,3.720972222222222,26.4,0.0,20.0,0.0,140.0,160.0
2007-09-21,0.104,0.8602638888888888,6.406,0.0,0.10613472222222223,0.504,230.03,239.38146527777778,246.38,0.4,3.732638888888889,27.8,0.0,40.0,358.0,153.0,551.0
2007-09-22,0.11,0.8167861111111111,5.804,0.0,0.12738333333333332,0.712,232.05,239.48303472222221,244.93,0.6,3.515138888888889,25.0,0.0,18.0,0.0,126.0,144.0
2007-09-23,0.112,0.9847013888888889,5.098,0.0,0.16873194444444445,0.642,232.23,239.50043055555554,245.43,0.6,4.28,22.0,0.0,66.0,0.0,155.0,221.0
2007-09-24,0.108,0.9406458333333333,6.81,0.0,0.13723888888888888,0.726,229.13,238.60060416666667,243.38,0.4,4.078749999999999,29.6,0.0,0.0,0.0,115.0,115.0
2007-09-25,0.11,1.2252375,5.85,0.0,0.09033194444444445,0.458,231.9,238.0996111111111,244.83,0.6,5.206388888888889,25.0,0.0,0.0,0.0,125.0,125.0
2007-09-26,0.2,1.267221140472879,7.03,0.0,0.11726564673157162,0.602,231.8,239.42456884561892,244.36,0.8,5.3770514603616135,30.4,0.0,45.0,0.0,256.0,301.0
2007-09-27,0.202,0.9670833333333333,5.786,0.0,0.10465972222222222,0.676,233.12,239.56705555555556,245.7,0.8,4.0777777777777775,24.8,0.0,56.0,289.0,231.0,576.0
2007-09-28,0.204,1.1670125,7.244,0.0,0.15466527777777778,0.744,229.67,239.46243055555558,245.97,0.8,4.994166666666667,31.4,0.0,37.0,0.0,258.0,295.0
2007-09-29,0.214,1.5948069444444444,7.592,0.0,0.12647361111111113,0.446,227.46,239.1401111111111,244.99,0.8,6.7931944444444445,32.4,0.0,15.0,0.0,251.0,266.0
2007-09-30,0.21,1.0529791666666666,4.17,0.0,0.11360277777777777,0.556,234.5,240.0647847222222,244.79,0.8,4.452500000000001,17.4,0.0,58.0,0.0,240.0,298.0
2007-10-01,0.194,1.1950847222222223,7.624,0.0,0.10189861111111112,0.362,228.67,239.23991666666666,245.51,0.8,5.0737499999999995,33.2,0.0,0.0,210.0,215.0,425.0
2007-10-02,0.2,1.526988888888889,6.034,0.0,0.11238055555555555,0.46,231.98,238.49379166666665,243.91,0.8,6.474027777777778,25.8,508.0,67.0,1054.0,329.0,1958.0
2007-10-03,0.202,0.8892041666666667,5.604,0.0,0.10954027777777778,0.474,231.32,239.26106944444444,244.41,0.8,3.8,24.2,0.0,5.0,0.0,234.0,239.0
2007-10-04,0.202,1.0544847222222222,6.446,0.0,0.09614444444444445,0.546,230.17,239.2050763888889,245.38,0.8,4.454583333333334,28.2,0.0,26.0,0.0,278.0,304.0
2007-10-05,0.202,0.9681194444444445,5.038,0.0,0.10460833333333333,0.656,231.5,238.8271111111111,244.75,0.8,4.089722222222222,21.8,0.0,20.0,0.0,259.0,279.0
2007-10-06,0.202,1.2196111111111112,6.252,0.0,0.1293,0.634,231.65,238.38071527777777,243.78,0.8,5.167638888888889,26.8,0.0,19.0,0.0,340.0,359.0
2007-10-07,0.25,1.4625791666666668,6.16,0.0,0.10637361111111111,0.506,228.71,238.8262777777778,243.15,1.0,6.207916666666667,26.4,0.0,19.0,0.0,393.0,412.0
2007-10-08,0.22,0.7605847222222222,5.372,0.0,0.08465,0.572,233.01,239.09654861111113,243.77,1.0,3.2311111111111113,23.0,0.0,31.0,0.0,289.0,320.0
2007-10-09,0.214,1.172123611111111,6.796,0.0,0.1109736111111111,0.75,232.55,238.87914583333333,245.7,1.0,4.9823611111111115,29.2,0.0,18.0,0.0,275.0,293.0
2007-10-10,0.212,0.8103972222222222,6.722,0.0,0.09218888888888889,0.406,231.01,239.4211597222222,244.01,0.8,3.4886111111111116,28.8,0.0,19.0,0.0,271.0,290.0
2007-10-11,0.214,1.2030874999999999,6.426,0.0,0.106325,0.488,230.56,238.4441527777778,244.23,1.0,5.1090277777777775,27.4,0.0,31.0,0.0,313.0,344.0
2007-10-12,0.218,1.3295166666666667,5.688,0.0,0.09582222222222223,0.578,230.43,238.48131250000003,244.25,1.0,5.667083333333333,24.4,0.0,19.0,511.0,288.0,818.0
2007-10-13,0.216,1.3380055555555557,9.036,0.0,0.08694722222222222,0.472,228.85,238.76540972222222,243.42,1.0,5.700694444444444,39.4,0.0,10.0,0.0,243.0,253.0
2007-10-14,0.218,1.431425,7.884,0.0,0.1042013888888889,0.718,230.86,239.1010347222222,244.43,1.0,6.078749999999999,33.8,0.0,7.0,0.0,1113.0,1120.0
2007-10-15,0.216,0.8793958333333333,4.846,0.0,0.08207083333333333,0.518,232.03,239.29270833333334,246.38,0.8,3.7219444444444445,20.4,0.0,2.0,0.0,260.0,262.0
2007-10-16,0.21,1.3641958333333333,7.152,0.0,0.1287597222222222,0.69,230.55,238.86261805555554,246.33,0.8,5.823194444444444,31.0,0.0,18.0,0.0,268.0,286.0
2007-10-17,0.208,1.0950902777777778,6.9,0.0,0.09472222222222222,0.646,230.83,239.19213194444444,245.96,0.8,4.6369444444444445,29.6,0.0,59.0,0.0,238.0,297.0
2007-10-18,0.226,1.054534722222222,5.78,0.0,0.08506944444444445,0.472,232.49,239.80028472222222,245.76,1.0,4.43375,24.6,0.0,4.0,0.0,324.0,328.0
2007-10-19,0.218,1.4483666666666668,6.192,0.0,0.08435972222222222,0.638,231.12,239.65217361111112,245.18,1.0,6.103194444444445,26.8,0.0,18.0,821.0,257.0,1096.0
2007-10-20,0.22,1.1529486111111111,5.57,0.0,0.09690555555555556,0.408,233.91,241.82481944444444,246.5,1.0,4.814722222222222,23.4,0.0,0.0,272.0,506.0,778.0
2007-10-21,0.22,1.3485694444444445,7.44,0.0,0.10696388888888889,0.522,233.3,241.49074305555555,247.09,1.0,5.701666666666666,31.8,0.0,12.0,0.0,896.0,908.0
2007-10-22,0.216,1.1478444444444444,5.326,0.0,0.08084027777777777,0.432,232.91,240.54540277777778,246.37,1.0,4.805833333333333,22.4,0.0,18.0,0.0,278.0,296.0
2007-10-23,0.218,1.3592823365785813,8.498,0.0,0.08865368567454798,0.588,231.24,241.2318567454798,247.7,1.0,5.712100139082058,36.0,0.0,8.0,814.0,242.0,1064.0
2007-10-24,0.218,1.2955805555555555,5.826,0.0,0.10193194444444445,0.444,230.94,240.80827083333332,247.67,1.0,5.473194444444444,24.8,0.0,30.0,491.0,269.0,790.0
2007-10-25,0.198,1.2874430555555554,6.544,0.0,0.09180555555555554,0.412,232.5,240.47263194444446,247.03,0.8,5.413611111111111,27.6,383.0,11.0,0.0,233.0,626.0
2007-10-26,0.386,0.9983111111111111,5.802,0.0,0.07616388888888889,0.328,232.77,240.68085416666665,247.83,1.8,4.365833333333334,24.2,0.0,25.0,0.0,732.0,757.0
2007-10-27,0.196,1.2400611111111113,6.678,0.0,0.07582361111111112,0.474,230.41,240.20120833333334,244.6,0.8,5.309166666666666,28.8,0.0,16.0,0.0,413.0,429.0
2007-10-28,0.196,0.3556652777777778,1.516,0.0,0.06409583333333334,0.276,233.62,240.86605555555556,247.17,0.8,1.485277777777778,6.4,0.0,4.0,0.0,229.0,233.0
2007-10-29,0.194,0.37876944444444444,1.606,0.0,0.06041527777777778,0.386,234.65,241.19330555555555,247.99,0.8,1.5744444444444443,6.6,0.0,0.0,795.0,243.0,1038.0
2007-10-30,0.196,0.5632,7.922,0.0,0.06238888888888889,0.57,231.72,240.62592361111112,246.65,0.8,2.3513888888888888,34.2,0.0,16.0,0.0,249.0,265.0
2007-10-31,0.196,0.8911180555555556,6.206,0.0,0.07444444444444445,0.744,232.95,240.33897916666666,246.19,0.8,3.7423611111111112,26.6,0.0,0.0,348.0,242.0,590.0
2007-11-01,0.196,0.3445944444444444,1.444,0.0,0.05905972222222223,0.346,235.19,240.93840277777778,245.85,0.8,1.4359722222222224,6.0,0.0,18.0,0.0,211.0,229.0
2007-11-02,0.194,1.002501388888889,5.582,0.0,0.06483472222222222,0.294,231.9,239.3489861111111,244.95,0.8,4.202638888888889,23.8,0.0,17.0,0.0,218.0,235.0
2007-11-03,0.194,0.3420486111111111,1.504,0.0,0.06119722222222222,0.316,234.89,240.19050694444445,245.46,0.8,1.4343055555555557,6.4,0.0,17.0,0.0,212.0,229.0
2007-11-04,0.196,1.0317263888888888,5.506,0.0,0.09639027777777777,0.454,231.31,240.20552083333334,246.76,0.8,4.384027777777778,23.4,0.0,17.0,0.0,233.0,250.0
2007-11-05,0.218,1.0420777777777779,3.844,0.0,0.09121527777777777,0.47,229.92,239.65911111111112,245.27,1.0,4.39625,16.0,0.0,32.0,0.0,300.0,332.0
2007-11-06,0.218,1.4460958333333334,5.844,0.0,0.13925416666666668,0.67,229.24,238.70195833333335,246.06,1.0,6.149861111111111,25.0,0.0,11.0,624.0,1101.0,1736.0
2007-11-07,0.216,1.2810819444444446,6.456,0.0,0.1343888888888889,0.542,226.32,239.5649097222222,246.7,1.0,5.481111111111111,28.4,0.0,21.0,0.0,295.0,316.0
2007-11-08,0.224,1.0424027777777778,6.46,0.0,0.09354027777777778,0.506,233.36,240.75264583333333,247.21,1.0,4.435,27.6,0.0,20.0,0.0,242.0,262.0
2007-11-09,0.22,1.5077958333333334,7.046,0.0,0.07864027777777778,0.594,229.24,238.71543749999998,246.16,1.0,6.367222222222222,30.6,0.0,7.0,0.0,246.0,253.0
2007-11-10,0.222,1.813611111111111,6.622,0.0,0.1650361111111111,0.638,227.71,239.11040972222222,245.75,1.0,7.706944444444445,28.4,0.0,20.0,0.0,279.0,299.0
2007-11-11,0.246,1.3105027777777778,9.326,0.0,0.12889583333333335,0.544,229.15,240.26026388888891,245.76,1.0,5.540555555555556,40.8,579.0,19.0,911.0,1650.0,3159.0
2007-11-12,0.242,1.4973236111111112,8.026,0.0,0.09546388888888888,0.652,231.55,239.82559027777776,246.38,1.0,6.271944444444444,34.6,0.0,0.0,0.0,296.0,296.0
2007-11-13,0.222,1.537776388888889,8.848,0.0,0.09788333333333334,0.484,233.37,241.12297916666668,248.21,1.0,6.4534722222222225,37.8,0.0,58.0,0.0,283.0,341.0
2007-11-14,0.226,1.4222180555555555,4.604,0.0,0.0983263888888889,0.612,232.4,239.9460277777778,246.25,1.0,5.9406944444444445,19.6,0.0,21.0,0.0,293.0,314.0
2007-11-15,0.212,1.0361027777777778,4.874,0.0,0.09240694444444444,0.584,230.47,239.98499305555558,247.29,1.0,4.396388888888889,20.4,0.0,19.0,1079.0,240.0,1338.0
2007-11-16,0.224,1.6039958333333333,6.606,0.0,0.08609583333333333,0.616,233.55,240.9835138888889,248.04,1.0,6.718055555555556,27.6,0.0,20.0,0.0,263.0,283.0
2007-11-17,0.216,1.8125652777777779,6.498,0.0,0.1166875,0.836,230.18,240.6034236111111,246.46,0.8,7.598888888888888,27.6,0.0,20.0,634.0,255.0,909.0
2007-11-18,0.222,1.5165680555555556,6.41,0.0,0.11233472222222222,0.76,231.72,242.26045833333333,250.37,1.0,6.3476388888888895,27.4,18.0,30.0,1077.0,2112.0,3237.0
2007-11-19,0.218,1.1969819444444445,6.078,0.0,0.07779861111111111,0.47,233.07,242.76635416666664,250.73,1.0,5.00625,26.0,0.0,20.0,0.0,260.0,280.0
2007-11-20,0.218,1.4554555555555557,6.26,0.0,0.08668888888888888,0.554,232.66,241.33882638888886,247.88,1.0,6.090416666666667,26.6,0.0,20.0,580.0,230.0,830.0
2007-11-21,0.216,1.217398193189715,5.954,0.0,0.09136900625434329,0.476,234.17,241.4967616400278,247.95,1.0,5.114940931202224,25.0,0.0,20.0,0.0,280.0,300.0
2007-11-22,0.22,1.3419291666666666,7.96,0.0,0.09938055555555556,0.65,230.77,241.5650486111111,249.24,0.8,5.65625,34.2,0.0,20.0,0.0,256.0,276.0
2007-11-23,0.214,1.7518180555555556,7.308,0.0,0.09646666666666667,0.5,231.59,240.72236805555556,249.03,1.0,7.340694444444445,31.6,0.0,0.0,0.0,244.0,244.0
2007-11-24,0.214,1.3187875,6.068,0.0,0.10452222222222222,0.672,232.3,241.80274305555557,249.13,1.0,5.512638888888889,26.0,461.0,59.0,0.0,1249.0,1769.0
2007-11-25,0.214,0.9691652777777777,6.456,0.0,0.08526111111111111,0.544,233.79,242.66115972222224,249.76,0.8,4.086666666666667,27.6,0.0,0.0,0.0,261.0,261.0
2007-11-26,0.214,1.0900805555555555,6.34,0.0,0.08128472222222222,0.442,234.58,241.11649305555557,248.93,1.0,4.601388888888889,26.8,0.0,20.0,0.0,256.0,276.0
2007-11-27,0.22,1.9451472222222224,7.212,0.0,0.09721805555555556,0.658,232.4,241.32109722222222,249.35,1.0,8.15625,31.0,0.0,6.0,566.0,265.0,837.0
2007-11-28,0.224,1.1423194444444444,5.75,0.0,0.08016805555555556,0.6,231.77,242.89480555555556,250.57,1.0,4.775555555555556,24.6,0.0,21.0,154.0,308.0,483.0
2007-11-29,0.216,1.194739402362752,5.144,0.0,0.08249478804725503,0.466,234.86,242.73104239054896,250.3,0.8,5.018485059068798,21.6,0.0,20.0,0.0,244.0,264.0
2007-11-30,0.214,1.6192555555555557,7.446,0.0,0.10227777777777777,0.526,236.07,243.48774999999998,249.17,0.8,6.757222222222222,31.4,0.0,10.0,0.0,454.0,464.0
2007-12-01,0.214,2.1770430555555556,7.738,0.0,0.20061944444444443,0.826,230.6,240.2660833333333,247.23,0.8,9.191527777777777,33.6,0.0,20.0,0.0,390.0,410.0
2007-12-02,0.196,2.045963888888889,8.594,0.0,0.22575138888888888,0.79,232.14,240.73000694444445,246.84,0.8,8.618611111111111,36.2,0.0,20.0,154.0,1639.0,1813.0
2007-12-03,0.22,1.2236527777777777,6.33,0.0,0.09160694444444444,0.482,233.02,241.07959027777775,247.99,1.0,5.165555555555556,26.6,0.0,21.0,0.0,437.0,458.0
2007-12-04,0.22,1.4358583333333332,7.448,0.0,0.10070555555555555,0.68,232.81,241.53597916666666,247.42,1.0,6.045138888888889,31.6,0.0,18.0,978.0,262.0,1258.0
2007-12-05,0.242,1.4952222222222222,7.604,0.0,0.1238875,0.602,230.96,241.22788194444445,248.17,1.0,6.348194444444444,32.8,0.0,4.0,0.0,485.0,489.0
2007-12-06,0.222,1.7277319444444446,6.838,0.0,0.11245555555555556,0.526,231.68,239.7100972222222,247.58,1.0,7.337916666666667,29.0,0.0,19.0,0.0,439.0,458.0
2007-12-07,0.222,1.2284833333333334,7.154,0.0,0.10252777777777777,0.58,234.88,240.6710486111111,247.09,1.0,5.157916666666666,30.4,459.0,20.0,0.0,474.0,953.0
2007-12-08,0.222,1.5370861111111112,6.222,0.0,0.10718055555555556,0.504,230.21,239.55993055555555,245.4,1.0,6.508055555555556,26.6,0.0,20.0,0.0,299.0,319.0
2007-12-09,0.214,1.5795722222222222,8.054,0.0,0.1395388888888889,0.832,228.95,239.9150763888889,246.68,0.8,6.701527777777779,34.0,0.0,21.0,0.0,356.0,377.0
2007-12-10,0.214,1.2213569444444443,7.312,0.0,0.08681388888888888,0.552,233.45,241.90383333333335,249.31,0.8,5.174583333333333,30.4,0.0,20.0,0.0,239.0,259.0
2007-12-11,0.214,1.6007666666666664,6.56,0.0,0.09284583333333334,0.494,232.22,241.4602361111111,248.56,0.8,6.7122222222222225,28.4,0.0,16.0,0.0,238.0,254.0
2007-12-12,0.208,1.1028208333333334,5.256,0.0,0.08117083333333333,0.646,233.27,242.47632638888888,248.35,0.8,4.591111111111111,22.4,0.0,0.0,0.0,234.0,234.0
2007-12-13,0.216,1.2831569444444446,6.1,0.0,0.07742361111111111,0.362,231.0,241.82734027777778,247.39,0.8,5.419583333333334,25.8,0.0,20.0,0.0,275.0,295.0
2007-12-14,0.224,1.3713944444444444,9.224,0.0,0.1246875,0.648,232.29,241.9859236111111,248.96,1.0,5.757777777777778,39.8,0.0,33.0,0.0,271.0,304.0
2007-12-15,0.224,1.9006083333333335,8.784,0.0,0.1094625,0.61,228.75,241.28064583333332,248.89,1.0,7.98,38.4,0.0,2.0,364.0,548.0,914.0
2007-12-16,0.216,1.9182069444444443,7.908,0.0,0.08815138888888889,0.64,231.58,242.6849861111111,248.68,0.8,7.992222222222222,34.0,0.0,0.0,0.0,1091.0,1091.0
2007-12-17,0.208,1.2488297428769979,6.796,0.0,0.07303544127866574,0.36,233.44,242.62575399583045,250.3,0.8,5.189437109103545,28.8,0.0,24.0,0.0,228.0,252.0
2007-12-18,0.212,1.8216625,7.226,0.0,0.10005555555555556,0.58,232.88,242.93998611111112,252.14,0.8,7.602083333333334,31.0,0.0,0.0,395.0,221.0,616.0
2007-12-19,0.214,1.5250361111111113,5.892,0.0,0.07592777777777777,0.346,232.51,242.70109722222224,251.65,0.8,6.334444444444444,25.2,0.0,0.0,471.0,641.0,1112.0
2007-12-20,0.206,1.353998611111111,5.552,0.0,0.08294027777777778,0.616,234.24,243.16793750000002,251.17,0.8,5.613333333333333,23.8,0.0,35.0,0.0,845.0,880.0
2007-12-21,0.22,1.3767888888888888,6.486,0.0,0.0739375,0.46,234.45,242.88163194444445,251.0,0.8,5.713749999999999,27.0,0.0,0.0,0.0,258.0,258.0
2007-12-22,0.22,1.8133777777777778,8.526,0.0,0.09813472222222222,0.604,231.89,242.14553472222224,251.28,0.8,7.593472222222222,36.8,0.0,0.0,0.0,235.0,235.0
2007-12-23,0.228,1.67295,9.686,0.0,0.12241111111111111,0.86,230.56,242.5579375,249.91,1.0,6.982777777777779,42.0,100.0,0.0,0.0,721.0,821.0
2007-12-24,0.224,1.56795,6.382,0.0,0.10399583333333333,0.856,233.01,242.6504236111111,251.11,1.0,6.549722222222223,27.0,0.0,37.0,1107.0,266.0,1410.0
2007-12-25,0.224,1.8715055555555555,6.756,0.0,0.105425,0.568,235.87,242.98086805555556,249.3,1.0,7.790972222222222,28.4,0.0,0.0,0.0,960.0,960.0
2007-12-26,0.23,1.7918611111111113,6.394,0.0,0.09744027777777778,0.574,233.79,242.39239583333332,250.78,1.0,7.426111111111111,26.4,0.0,27.0,310.0,1071.0,1408.0
2007-12-27,0.244,1.7584708333333332,7.924,0.0,0.1323486111111111,0.738,229.44,242.1116111111111,249.34,1.0,7.395833333333333,34.4,0.0,0.0,0.0,278.0,278.0
2007-12-28,0.238,2.1618416666666667,9.59,0.0,0.1436111111111111,0.622,231.02,242.28447916666667,249.41,1.0,9.030555555555555,41.2,0.0,39.0,0.0,326.0,365.0
2007-12-29,0.226,2.290941666666667,6.608,0.0,0.13881388888888888,0.66,232.06,240.55066666666667,247.21,1.0,9.56,27.8,0.0,14.0,1083.0,2821.0,3918.0
2007-12-30,0.22,1.777025,7.364,0.0,0.12391388888888889,0.538,230.81,242.0991736111111,251.21,0.8,7.465694444444445,31.2,0.0,24.0,0.0,478.0,502.0
2007-12-31,0.226,1.5392652777777778,6.158,0.0,0.10106666666666667,0.854,230.54,241.09479166666668,248.41,1.0,6.455,26.8,0.0,25.0,0.0,273.0,298.0
2008-01-01,0.226,1.916484722222222,5.686,0.0,0.09896388888888889,0.588,233.46,241.0366736111111,246.65,1.0,7.978611111111111,24.2,0.0,0.0,1074.0,490.0,1564.0
2008-01-02,0.278,1.1417402777777779,5.6,0.0,0.07754583333333333,0.386,234.07,242.41745138888888,249.4,1.2,4.770416666666667,23.6,0.0,28.0,0.0,330.0,358.0
2008-01-03,0.234,1.048686111111111,5.662,0.0,0.08415416666666667,0.586,233.62,243.0774583333333,250.2,1.0,4.401666666666666,24.2,0.0,31.0,0.0,383.0,414.0
2008-01-04,0.228,1.5915638888888888,6.324,0.0,0.09493472222222221,0.688,231.49,241.27338194444442,249.12,1.0,6.715138888888888,26.6,0.0,0.0,550.0,261.0,811.0
2008-01-05,0.226,1.5161444444444445,5.326,0.0,0.08990555555555556,0.444,228.75,238.82294444444443,246.74,1.0,6.446805555555556,22.8,0.0,27.0,0.0,317.0,344.0
2008-01-06,0.22,1.2674888888888889,6.376,0.0,0.08122083333333333,0.414,227.18,239.40729166666668,246.22,1.0,5.390138888888889,28.0,0.0,0.0,1073.0,350.0,1423.0
2008-01-07,0.212,1.177648611111111,5.864,0.0,0.080675,0.432,232.88,240.74393750000002,246.23,0.8,4.915277777777778,24.8,0.0,28.0,0.0,269.0,297.0
2008-01-08,0.212,1.4191319444444443,7.296,0.0,0.08850833333333333,0.494,232.3,240.82180555555558,247.09,0.8,5.99,31.8,0.0,28.0,995.0,259.0,1282.0
2008-01-09,0.214,1.2419722222222223,7.54,0.0,0.08703888888888889,0.568,231.41,241.2586388888889,248.79,0.8,5.231944444444444,32.0,0.0,0.0,0.0,487.0,487.0
2008-01-10,0.224,1.3153305555555557,5.124,0.0,0.08368333333333333,0.464,230.79,240.80713888888891,248.01,1.0,5.5945833333333335,21.8,0.0,0.0,0.0,423.0,423.0
2008-01-11,0.222,1.1845958333333333,4.692,0.0,0.06630833333333333,0.41,233.65,240.41004861111108,247.04,1.0,4.963472222222222,19.8,0.0,0.0,0.0,230.0,230.0
2008-01-12,0.388,1.9940333333333333,8.282,0.0,0.11300277777777777,0.532,228.1,239.96018055555552,247.88,1.8,8.523888888888889,36.4,1.0,0.0,0.0,622.0,623.0
2008-01-13,0.218,2.0025406532314105,6.922,0.0,0.10026268241834607,0.508,230.5,239.75119527449615,246.81,1.0,8.449339819318972,29.2,762.0,0.0,1046.0,2831.0,4639.0
2008-01-14,0.22,1.4062027777777777,8.362,0.0,0.08340972222222222,0.376,228.2,240.29900694444444,248.13,1.0,6.014583333333333,36.6,0.0,0.0,0.0,257.0,257.0
2008-01-15,0.33,1.865911111111111,8.666,0.0,0.07857222222222222,0.566,231.39,240.7094861111111,247.87,1.4,7.891249999999999,36.8,0.0,0.0,340.0,357.0,697.0
2008-01-16,0.32,1.4832305555555554,5.312,0.0,0.08953472222222222,0.64,230.96,240.42214583333333,247.59,1.4,6.319583333333334,22.2,0.0,51.0,0.0,410.0,461.0
2008-01-17,0.312,1.0918625,6.0,0.0,0.08105416666666666,0.508,233.11,241.62799305555555,249.55,1.4,4.6450000000000005,25.6,0.0,54.0,0.0,333.0,387.0
2008-01-18,0.23,1.5187416666666667,5.55,0.0,0.08284027777777778,0.588,232.12,239.93293055555554,246.25,1.0,6.432222222222222,23.6,0.0,52.0,0.0,358.0,410.0
2008-01-19,0.216,1.3752125,6.33,0.0,0.0937375,0.5,233.21,239.60592361111114,246.3,0.8,5.828888888888889,27.0,0.0,0.0,0.0,225.0,225.0
2008-01-20,0.23,1.208588888888889,5.106,0.0,0.09625972222222222,0.912,230.66,239.94454166666668,245.99,1.0,5.148888888888889,22.0,0.0,52.0,0.0,760.0,812.0
2008-01-21,0.324,1.2909708333333334,5.36,0.0,0.085,0.492,231.33,239.56475,246.94,1.4,5.519027777777778,22.8,0.0,44.0,0.0,367.0,411.0
2008-01-22,0.316,1.6145958333333335,8.12,0.0,0.09962638888888888,0.566,229.58,240.09477777777778,247.91,1.4,6.92875,34.8,0.0,54.0,0.0,357.0,411.0
2008-01-23,0.22,1.3071583333333334,5.306,0.0,0.07498888888888888,0.36,232.82,240.90704861111112,247.36,0.8,5.520277777777777,22.4,0.0,12.0,0.0,376.0,388.0
2008-01-24,0.216,1.142376388888889,5.54,0.0,0.07243472222222222,0.34,229.11,240.77922916666668,247.37,0.8,4.887916666666667,24.0,0.0,0.0,0.0,239.0,239.0
2008-01-25,0.32,1.5554555555555558,5.522,0.0,0.08307361111111111,0.638,232.83,240.70544444444445,246.48,1.4,6.544027777777777,23.4,0.0,0.0,0.0,1247.0,1247.0
2008-01-26,0.322,1.9687416666666666,9.666,0.0,0.11695972222222221,0.866,227.27,239.76020833333334,247.79,1.4,8.366666666666667,42.6,0.0,0.0,0.0,602.0,602.0
2008-01-27,0.226,1.6540041666666667,10.162,0.0,0.09774861111111112,0.498,229.16,241.3036736111111,248.73,1.0,6.984861111111112,44.2,0.0,0.0,488.0,1426.0,1914.0
2008-01-28,0.318,1.6029138888888887,4.816,0.0,0.07488611111111111,0.366,231.75,240.46677777777776,247.31,1.4,6.769583333333334,20.2,0.0,18.0,0.0,940.0,958.0
2008-01-29,0.328,1.85835,7.962,0.0,0.08137222222222222,0.46,231.99,240.62310416666668,246.63,1.4,7.8422222222222215,34.0,0.0,0.0,784.0,947.0,1731.0
2008-01-30,0.314,1.1393375,6.134,0.0,0.08088194444444444,0.422,232.72,241.61465277777776,247.0,1.4,4.826388888888889,25.6,0.0,23.0,0.0,1407.0,1430.0
2008-01-31,0.322,1.3568902777777778,6.188,0.0,0.09553888888888888,0.514,231.48,241.88574999999997,250.79,1.4,5.793333333333333,26.0,0.0,0.0,281.0,457.0,738.0
2008-02-01,0.214,1.0657305555555556,6.56,0.0,0.12447916666666667,0.48,234.01,240.36027083333332,245.78,0.8,4.5176388888888885,28.0,0.0,0.0,1076.0,1035.0,2111.0
2008-02-02,0.222,2.040329395413482,8.716,0.0,0.16050590687977762,1.032,227.48,240.29051424600416,246.98,1.0,8.649478804725504,38.2,249.0,0.0,285.0,289.0,823.0
2008-02-03,0.216,1.4476166666666668,5.5,0.0,0.10674166666666667,0.698,229.75,240.34072222222224,247.58,1.0,6.135694444444444,23.4,526.0,41.0,1058.0,1136.0,2761.0
2008-02-04,0.21,1.130651388888889,5.108,0.0,0.07224583333333334,0.48,228.42,240.25520833333334,247.97,0.8,4.777222222222222,21.6,0.0,0.0,0.0,231.0,231.0
2008-02-05,0.216,1.7169833333333335,7.706,0.0,0.10610138888888888,0.62,231.75,240.97691666666668,248.82,0.8,7.2105555555555565,32.8,0.0,39.0,0.0,252.0,291.0
2008-02-06,0.202,1.1594027777777778,5.764,0.0,0.07934722222222222,0.504,224.58,238.41371527777778,249.18,0.8,4.9336111111111105,24.2,0.0,41.0,0.0,259.0,300.0
2008-02-07,0.214,1.0543819444444444,5.796,0.0,0.07549027777777778,0.484,232.44,241.07054861111112,246.46,0.8,4.439305555555555,25.0,0.0,15.0,0.0,238.0,253.0
2008-02-08,0.222,1.3545583333333333,5.364,0.0,0.08270416666666666,0.748,232.38,240.43311805555555,246.85,1.0,5.747222222222222,23.0,0.0,0.0,0.0,593.0,593.0
2008-02-09,0.21,1.4599138888888887,5.912,0.0,0.10036666666666666,0.584,233.71,241.76450694444446,247.35,0.8,6.09,25.0,0.0,7.0,41.0,772.0,820.0
2008-02-10,0.216,1.5171625,6.726,0.0,0.10537222222222221,0.768,228.24,241.2752013888889,247.17,1.0,6.396805555555555,29.0,0.0,34.0,0.0,470.0,504.0
2008-02-11,0.216,1.1750111111111112,5.864,0.0,0.07100416666666666,0.402,234.14,241.69219444444445,248.75,0.8,4.931805555555556,24.6,0.0,0.0,56.0,401.0,457.0
2008-02-12,0.216,1.3804152777777778,5.736,0.0,0.09093472222222222,0.608,230.13,239.50915277777779,248.26,0.8,5.847083333333333,24.8,0.0,0.0,0.0,239.0,239.0
2008-02-13,0.22,1.319790277777778,5.484,0.0,0.08922083333333333,0.664,229.17,241.20309722222223,248.01,0.8,5.5801388888888885,23.6,0.0,30.0,0.0,346.0,376.0
2008-02-14,0.21,1.1143208333333334,5.564,0.0,0.07892083333333333,0.53,231.99,240.76481944444447,247.4,0.8,4.68375,23.6,0.0,37.0,0.0,284.0,321.0
2008-02-15,0.208,1.3925055555555557,6.916,0.0,0.07496666666666667,0.67,231.42,241.89060416666663,248.02,0.8,5.78125,29.4,0.0,0.0,787.0,233.0,1020.0
2008-02-16,0.242,1.6298249999999999,4.92,0.0,0.09652361111111112,0.686,231.21,241.08755555555555,248.02,1.0,6.893888888888889,21.4,0.0,0.0,0.0,539.0,539.0
2008-02-17,0.22,1.3426166666666666,6.116,0.0,0.08338611111111112,0.562,233.3,242.46983333333333,249.45,1.0,5.654444444444445,26.2,0.0,0.0,0.0,940.0,940.0
2008-02-18,0.218,1.0516694444444445,5.916,0.0,0.07081388888888888,0.712,234.27,242.06393055555554,247.6,0.8,4.37625,25.0,0.0,0.0,0.0,279.0,279.0
2008-02-19,0.234,1.477025,5.718,0.0,0.09553333333333335,0.564,232.43,241.01013194444445,247.36,1.0,6.219722222222222,24.2,0.0,3.0,0.0,306.0,309.0
2008-02-20,0.224,1.5651319444444445,8.136,0.0,0.13213055555555556,0.816,231.18,241.66968749999998,248.49,1.0,6.608333333333333,34.6,0.0,0.0,0.0,256.0,256.0
2008-02-21,0.214,1.1346180555555554,5.246,0.0,0.07796805555555555,0.526,232.36,240.7503888888889,247.67,0.8,4.788472222222222,22.4,0.0,0.0,0.0,472.0,472.0
2008-02-22,0.222,1.2031694444444445,6.686,0.0,0.08450555555555556,0.708,234.44,241.43576388888889,246.8,1.0,5.055277777777778,28.6,0.0,0.0,0.0,236.0,236.0
2008-02-23,0.216,1.2753616133518777,7.694,0.0,0.09214464534075104,0.434,229.7,239.67264255910987,245.64,0.8,5.411543810848401,33.4,0.0,0.0,0.0,239.0,239.0
2008-02-24,0.202,0.8770888888888889,4.94,0.0,0.07453611111111111,0.432,232.79,240.37779861111113,246.05,0.8,3.638888888888889,20.6,0.0,0.0,1084.0,258.0,1342.0
2008-02-25,0.204,0.35033888888888887,1.5,0.0,0.06369444444444444,0.34,233.79,239.77600694444445,245.4,0.8,1.4555555555555555,6.4,0.0,0.0,0.0,234.0,234.0
2008-02-26,0.202,0.3521666666666667,1.454,0.0,0.058743055555555555,0.324,231.79,239.5333263888889,245.86,0.8,1.4590277777777778,6.0,0.0,3.0,0.0,221.0,224.0
2008-02-27,0.204,0.39355555555555555,1.52,0.0,0.05983888888888889,0.344,232.79,239.5540208333333,245.66,0.8,1.6341666666666665,6.4,0.0,19.0,508.0,225.0,752.0
2008-02-28,0.204,0.35359999999999997,1.442,0.0,0.05781111111111111,0.348,232.19,239.80427083333336,245.23,0.8,1.4669444444444446,6.0,0.0,0.0,0.0,221.0,221.0
2008-02-29,0.204,0.9259361111111111,3.88,0.0,0.06176944444444444,0.362,227.72,238.03849305555556,243.97,0.8,3.872638888888889,16.6,0.0,35.0,0.0,227.0,262.0
2008-03-01,0.478,0.7929694444444444,4.038,0.0,0.07302638888888889,0.35,233.53,239.4315138888889,245.37,2.0,3.277638888888889,17.0,0.0,16.0,0.0,523.0,539.0
2008-03-02,0.204,0.8071013888888889,5.13,0.0,0.10049305555555556,0.74,231.5,239.74624305555557,244.61,0.8,3.425,21.8,0.0,25.0,163.0,223.0,411.0
2008-03-03,0.488,0.7226041666666666,2.92,0.0,0.07939861111111111,0.346,234.61,240.3519861111111,245.03,2.0,2.9775,12.0,0.0,0.0,0.0,518.0,518.0
2008-03-04,0.218,1.1590208333333334,6.606,0.0,0.07566527777777778,0.354,232.0,241.02641666666665,247.04,0.8,4.867638888888889,28.0,0.0,62.0,0.0,526.0,588.0
2008-03-05,0.21,1.4147277777777778,8.336,0.0,0.09784583333333333,0.454,231.9,241.06524305555556,248.05,0.8,5.970833333333333,35.8,0.0,50.0,0.0,242.0,292.0
2008-03-06,0.22,1.7383388888888889,6.924,0.0,0.07373888888888888,0.346,229.89,240.4292291666667,246.66,0.8,7.214583333333334,29.4,0.0,9.0,348.0,1323.0,1680.0
2008-03-07,0.208,1.2937194444444444,6.686,0.0,0.08985555555555555,0.56,232.25,240.81606944444445,246.59,0.8,5.441666666666666,28.8,0.0,0.0,0.0,226.0,226.0
2008-03-08,0.26,1.5615694444444443,7.224,0.0,0.1646388888888889,0.964,232.82,241.59095138888887,248.68,1.0,6.588333333333334,30.8,486.0,13.0,0.0,414.0,913.0
2008-03-09,0.246,1.083651388888889,5.83,0.0,0.09414861111111111,0.458,231.31,240.74638194444444,247.78,1.0,4.591111111111111,24.6,0.0,0.0,415.0,1409.0,1824.0
2008-03-10,0.218,1.1240875,5.38,0.0,0.08828055555555556,0.488,232.74,241.72734722222222,248.56,0.8,4.7125,23.0,0.0,32.0,0.0,305.0,337.0
2008-03-11,0.216,1.5278069444444444,8.662,0.0,0.10493055555555555,0.74,229.21,240.4241527777778,248.74,0.8,6.466944444444445,37.8,0.0,12.0,424.0,835.0,1271.0
2008-03-12,0.212,1.2321055555555556,5.696,0.0,0.09596805555555554,0.604,231.93,241.05720833333334,247.05,0.8,5.1722222222222225,24.2,0.0,42.0,1089.0,248.0,1379.0
2008-03-13,0.202,1.1635513888888889,7.778,0.0,0.08921805555555555,0.512,226.95,240.802625,246.48,0.8,4.941666666666666,33.8,0.0,0.0,0.0,245.0,245.0
2008-03-14,0.212,1.5348749999999998,6.096,0.0,0.11093611111111111,0.546,232.74,240.62736805555554,247.93,0.8,6.44625,26.0,0.0,9.0,0.0,277.0,286.0
2008-03-15,0.22,1.0946527777777777,5.094,0.0,0.10723055555555557,0.748,232.89,240.19799305555554,246.94,1.0,4.6506944444444445,21.8,0.0,9.0,0.0,258.0,267.0
2008-03-16,0.22,1.2513611111111111,6.728,0.0,0.12059166666666665,0.478,232.42,241.29466666666667,247.03,0.8,5.298333333333334,28.4,0.0,33.0,0.0,1137.0,1170.0
2008-03-17,0.216,1.1853597222222223,5.844,0.0,0.12171805555555555,0.446,232.09,240.8052291666667,246.56,0.8,5.006944444444445,25.0,0.0,0.0,1066.0,255.0,1321.0
2008-03-18,0.216,1.3316430555555556,6.766,0.0,0.10238888888888889,0.748,233.9,241.9289861111111,250.12,0.8,5.571944444444445,29.0,0.0,3.0,0.0,246.0,249.0
2008-03-19,0.214,0.9086444444444445,4.518,0.0,0.09895694444444444,0.484,234.89,242.40221527777777,249.0,0.8,3.825555555555556,18.8,0.0,13.0,0.0,303.0,316.0
2008-03-20,0.216,0.8703291666666667,4.492,0.0,0.08392638888888888,0.412,231.44,241.76258333333334,248.84,0.8,3.6595833333333334,19.2,0.0,0.0,0.0,256.0,256.0
2008-03-21,0.216,1.4350291666666666,8.126,0.0,0.15543333333333334,0.668,232.78,241.36990972222222,248.59,0.8,6.038194444444445,34.2,0.0,29.0,0.0,299.0,328.0
2008-03-22,0.216,1.4260527777777778,6.086,0.0,0.12894444444444444,0.968,228.98,241.61215277777777,250.05,0.8,6.020277777777778,26.0,0.0,66.0,0.0,259.0,325.0
2008-03-23,0.222,1.6152708333333332,7.564,0.0,0.10586527777777778,0.686,232.97,242.65262500000003,249.86,0.8,6.790555555555556,32.4,0.0,0.0,143.0,286.0,429.0
2008-03-24,0.216,1.3722501737317583,6.978,0.0,0.09107018763029882,0.68,231.17,242.70725503822098,249.41,0.8,5.757887421820709,29.6,0.0,10.0,0.0,394.0,404.0
2008-03-25,0.22,1.3999,6.62,0.0,0.08877222222222222,0.564,234.15,242.1382152777778,248.83,1.0,5.870555555555556,28.2,0.0,0.0,0.0,246.0,246.0
2008-03-26,0.218,1.1343555555555556,5.528,0.0,0.0927763888888889,0.916,234.18,242.8097986111111,248.91,0.8,4.763055555555556,23.2,0.0,0.0,0.0,253.0,253.0
2008-03-27,0.214,0.9519597222222222,4.754,0.0,0.0808611111111111,0.354,233.66,242.0955416666667,249.04,0.8,3.9608333333333334,20.0,0.0,22.0,0.0,241.0,263.0
2008-03-28,0.208,1.3093222222222223,5.33,0.0,0.09558333333333333,0.616,233.03,242.32334027777776,248.98,0.8,5.479027777777778,22.8,0.0,0.0,0.0,238.0,238.0
2008-03-29,0.218,1.716076388888889,6.94,0.0,0.121575,0.794,231.16,241.2535486111111,247.47,0.8,7.209305555555555,29.8,0.0,46.0,0.0,268.0,314.0
2008-03-30,0.21,1.4905499999999998,5.634,0.0,0.12220138888888889,0.724,231.61,241.16375694444443,249.31,0.8,6.2775,24.0,0.0,55.0,1040.0,1725.0,2820.0
2008-03-31,0.224,0.9566458333333333,5.914,0.0,0.09087500000000001,0.588,232.15,242.72704166666668,248.83,1.0,4.005972222222223,25.0,0.0,55.0,0.0,277.0,332.0
2008-04-01,0.228,1.4785083333333335,6.32,0.0,0.11833055555555555,0.694,229.9,241.61580555555557,247.67,1.0,6.202500000000001,26.8,0.0,0.0,1089.0,279.0,1368.0
2008-04-02,0.22,1.1747722222222223,5.322,0.0,0.09898611111111111,0.484,230.13,238.66715972222224,246.19,1.0,5.007638888888889,22.6,0.0,0.0,0.0,261.0,261.0
2008-04-03,0.21,0.7838583333333334,6.066,0.0,0.08419166666666666,0.612,229.71,240.69424305555557,247.03,0.8,3.2808333333333333,26.4,0.0,9.0,0.0,268.0,277.0
2008-04-04,0.21,1.1332763888888888,5.458,0.0,0.08701805555555556,0.446,233.13,241.33105555555554,246.74,0.8,4.726388888888889,23.4,0.0,39.0,0.0,239.0,278.0
2008-04-05,0.21,1.3685847222222223,5.354,0.0,0.14144722222222222,1.014,232.4,240.55802777777777,245.57,0.8,5.784861111111112,23.2,0.0,52.0,753.0,242.0,1047.0
2008-04-06,0.252,1.1779986111111111,6.16,0.0,0.10456388888888889,0.81,232.77,241.14960416666665,248.12,1.0,4.946388888888889,25.8,0.0,0.0,40.0,361.0,401.0
2008-04-07,0.258,1.0686375,5.228,0.0,0.09811111111111111,0.654,237.36,243.2283263888889,249.96,1.0,4.484166666666667,21.8,0.0,0.0,40.0,412.0,452.0
2008-04-08,0.254,1.8454972222222223,6.768,0.0,0.12789999999999999,1.06,233.25,242.06658333333334,247.76,1.0,7.6994444444444445,28.2,0.0,0.0,41.0,252.0,293.0
2008-04-09,0.248,0.8464250000000001,6.398,0.0,0.09226666666666666,0.57,234.57,242.31770833333334,248.16,1.0,3.5229166666666667,26.8,0.0,29.0,501.0,235.0,765.0
2008-04-10,0.246,1.0262125,6.382,0.0,0.11366666666666667,0.47,231.1,241.94904861111112,247.63,1.0,4.305416666666667,26.6,0.0,24.0,40.0,243.0,307.0
2008-04-11,0.248,1.3039333333333334,6.082,0.0,0.0999236111111111,0.852,233.16,240.758375,247.84,1.0,5.452638888888889,25.6,204.0,0.0,881.0,254.0,1339.0
2008-04-12,0.252,1.9444541666666668,9.482,0.0,0.2724111111111111,0.968,232.5,241.0631736111111,246.47,1.0,8.218194444444444,40.8,0.0,0.0,41.0,1037.0,1078.0
2008-04-13,0.252,1.5506847222222222,6.342,0.0,0.14827361111111112,1.39,229.08,240.4233263888889,247.81,1.0,6.551805555555556,28.0,544.0,325.0,1124.0,1312.0,3305.0
2008-04-14,0.266,1.1038763888888887,6.89,0.0,0.10760972222222222,0.388,236.22,242.31405555555554,247.41,1.0,4.604305555555555,29.0,0.0,0.0,41.0,266.0,307.0
2008-04-15,0.26,1.1600041666666667,7.394,0.0,0.12415416666666668,0.994,231.34,241.23874305555555,248.02,1.0,4.909583333333334,32.0,0.0,33.0,149.0,258.0,440.0
2008-04-16,0.252,1.0340722222222223,4.48,0.0,0.08743333333333334,0.5,235.02,241.74438888888886,247.64,1.0,4.316111111111111,18.8,0.0,6.0,41.0,254.0,301.0
2008-04-17,0.252,0.9693486111111111,5.736,0.0,0.10130416666666665,0.544,233.0,241.40359722222223,246.5,1.0,4.104305555555555,24.6,0.0,0.0,406.0,272.0,678.0
2008-04-18,0.254,1.293326388888889,8.244,0.0,0.12822638888888888,0.936,231.88,240.6415763888889,246.26,1.0,5.457638888888889,35.4,0.0,73.0,41.0,252.0,366.0
2008-04-19,0.26,1.565076388888889,5.354,0.0,0.1703361111111111,0.69,233.06,241.14318055555555,246.66,1.0,6.636111111111111,22.4,0.0,17.0,40.0,598.0,655.0
2008-04-20,0.25,1.2440402777777777,8.268,0.0,0.15823194444444447,0.512,231.7,241.43287500000002,249.07,1.0,5.260555555555555,35.6,0.0,0.0,92.0,329.0,421.0
2008-04-21,0.248,0.8084416666666666,4.152,0.0,0.12180555555555556,0.518,234.51,241.99249305555557,247.94,1.0,3.404166666666667,17.6,0.0,10.0,41.0,255.0,306.0
2008-04-22,0.248,1.1303305555555556,5.808,0.0,0.13413194444444446,0.508,234.2,240.95971527777778,247.02,1.0,4.7725,24.8,0.0,87.0,40.0,235.0,362.0
2008-04-23,0.252,0.9425888888888889,4.678,0.0,0.13159861111111112,0.52,230.3,241.51134027777778,246.81,1.0,3.9675,20.2,0.0,13.0,40.0,257.0,310.0
2008-04-24,0.244,0.7248416666666666,4.08,0.0,0.11939166666666667,0.532,235.22,240.60532638888887,245.75,1.0,3.0580555555555557,17.0,693.0,68.0,1112.0,551.0,2424.0
2008-04-25,0.244,0.8803708333333333,5.438,0.0,0.11265555555555555,0.528,234.36,241.00715277777778,247.08,1.0,3.7,23.0,0.0,20.0,40.0,254.0,314.0
2008-04-26,0.242,0.6271986111111112,4.078,0.0,0.11715,0.582,236.03,240.79256249999997,245.37,1.0,2.634027777777778,17.4,0.0,3.0,432.0,245.0,680.0
2008-04-27,0.246,0.7001666666666667,3.734,0.0,0.13758194444444444,0.542,236.48,240.90728472222222,245.08,1.0,2.96375,15.4,0.0,70.0,91.0,1035.0,1196.0
2008-04-28,0.246,0.457675,1.984,0.0,0.11605416666666667,0.52,236.32,240.97845833333332,246.23,1.0,1.9506944444444445,8.2,0.0,39.0,41.0,245.0,325.0
2008-04-29,0.24,1.3698722222222222,8.264,0.0,0.14955277777777778,0.904,230.88,240.70690277777777,245.99,1.0,5.770694444444444,35.4,0.0,0.0,536.0,262.0,798.0
2008-04-30,0.242,0.7650874999999999,5.038,0.0,0.11913611111111112,0.57,235.17,241.43364583333334,247.26,1.0,3.218611111111111,21.2,0.0,74.0,39.0,1825.0,1938.0
2008-05-01,0.24,0.40000972222222225,1.5,0.0,0.10464999999999999,0.35,236.23,241.4462638888889,245.87,1.0,1.7023611111111112,6.2,0.0,0.0,40.0,255.0,295.0
2008-05-02,0.24,1.0401166666666666,5.85,0.0,0.14275555555555555,0.696,232.79,241.64894444444442,246.21,1.0,4.377777777777778,24.8,0.0,0.0,339.0,257.0,596.0
2008-05-03,0.246,0.8955555555555554,5.166,0.0,0.14028055555555555,0.6,232.11,240.8336875,244.78,1.0,3.8009722222222218,22.0,0.0,8.0,334.0,2518.0,2860.0
2008-05-04,0.248,1.0215069444444445,6.576,0.0,0.14543194444444443,0.6,233.71,241.38047916666667,245.81,1.0,4.3625,27.8,0.0,36.0,90.0,578.0,704.0
2008-05-05,0.252,0.9492583333333333,5.858,0.0,0.12899305555555557,0.594,234.72,240.73685416666666,247.0,1.0,3.997777777777778,24.8,0.0,4.0,40.0,275.0,319.0
2008-05-06,0.25,1.2430416666666666,7.294,0.0,0.13860833333333333,0.628,232.68,240.29031944444444,247.28,1.0,5.245972222222222,31.0,0.0,5.0,94.0,357.0,456.0
2008-05-07,0.252,0.81685,5.404,0.0,0.13260833333333333,0.786,233.67,241.0812638888889,245.21,1.0,3.4575,23.2,0.0,26.0,96.0,271.0,393.0
2008-05-08,0.25,1.4699291666666665,4.718,0.0,0.17586388888888888,0.768,233.52,239.85129166666667,245.17,1.0,6.178472222222222,20.2,0.0,0.0,357.0,1017.0,1374.0
2008-05-09,0.25,1.2133833333333333,5.32,0.0,0.15963472222222222,0.502,234.23,240.47122222222222,246.58,1.0,5.136111111111111,22.4,0.0,28.0,101.0,598.0,727.0
2008-05-10,0.248,1.3257833333333333,6.902,0.0,0.20125972222222224,0.636,233.61,240.08622916666667,243.46,1.0,5.636388888888889,29.6,0.0,28.0,98.0,265.0,391.0
2008-05-11,0.158,1.1186944444444444,4.198,0.0,0.1914597222222222,0.448,234.48,240.48559722222222,245.94,0.6,4.804166666666666,17.8,0.0,39.0,65.0,1633.0,1737.0
2008-05-12,0.16,1.058475,5.604,0.0,0.159125,0.544,233.34,241.041625,246.51,0.6,4.519444444444445,24.0,0.0,0.0,102.0,179.0,281.0
2008-05-13,0.156,1.0256208333333334,6.748,0.0,0.16421388888888888,0.724,233.81,240.3740625,245.69,0.6,4.391805555555555,29.2,0.0,58.0,101.0,199.0,358.0
2008-05-14,0.162,1.1001819444444445,4.332,0.0,0.19262083333333335,0.58,234.31,240.7085138888889,246.02,0.6,4.713333333333333,18.4,0.0,8.0,83.0,385.0,476.0
2008-05-15,0.158,0.8074777777777778,4.106,0.0,0.1650861111111111,0.682,234.22,240.35039583333335,247.79,0.6,3.5220833333333337,17.6,0.0,0.0,270.0,156.0,426.0
2008-05-16,0.154,1.14605702364395,6.542,0.0,0.16356189151599443,0.666,232.07,239.6202433936022,245.94,0.6,4.9222531293463145,28.0,0.0,29.0,98.0,217.0,344.0
2008-05-17,0.164,1.1510097222222222,5.9,0.0,0.19159444444444446,0.628,233.4,239.4728611111111,244.53,0.6,4.951527777777778,25.2,0.0,62.0,40.0,169.0,271.0
2008-05-18,0.16,1.2527486111111112,7.782,0.0,0.17673055555555556,0.618,232.55,239.68268750000001,244.65,0.6,5.4094444444444445,33.4,0.0,11.0,91.0,926.0,1028.0
2008-05-19,0.154,0.7154597222222222,4.388,0.0,0.12203888888888888,0.582,235.29,240.43187500000002,247.72,0.6,3.0694444444444446,18.2,0.0,67.0,97.0,184.0,348.0
2008-05-20,0.158,1.0981486111111112,8.944,0.0,0.12783472222222222,0.534,228.89,241.01960416666665,245.6,0.6,4.682222222222222,39.0,0.0,26.0,41.0,185.0,252.0
2008-05-21,0.154,0.9195222222222222,4.98,0.0,0.13217083333333332,0.538,234.64,240.7605138888889,245.53,0.6,3.9166666666666665,21.4,0.0,38.0,93.0,172.0,303.0
2008-05-22,0.152,0.6783805555555555,3.994,0.0,0.11792777777777778,0.496,235.24,239.50019444444447,245.27,0.6,2.9559722222222224,17.0,0.0,0.0,40.0,197.0,237.0
2008-05-23,0.152,1.0311916666666667,5.196,0.0,0.1242763888888889,0.604,232.67,239.49885416666666,245.19,0.6,4.358611111111111,22.4,0.0,42.0,40.0,169.0,251.0
2008-05-24,0.156,1.0973444444444445,6.052,0.0,0.1982986111111111,0.69,233.3,240.72490277777777,245.81,0.6,4.669027777777777,26.0,0.0,0.0,92.0,141.0,233.0
2008-05-25,0.172,1.4225722222222221,6.538,0.0,0.2016777777777778,0.668,232.11,239.94564583333332,245.31,0.8,6.136527777777778,28.2,0.0,47.0,40.0,634.0,721.0
2008-05-26,0.17,0.8956319444444445,4.828,0.0,0.1532625,0.628,234.48,240.36368750000003,246.72,0.8,3.9297222222222223,20.6,0.0,59.0,41.0,203.0,303.0
2008-05-27,0.16,1.1865972222222223,7.044,0.0,0.1440736111111111,0.84,234.23,239.39086805555553,245.19,0.6,5.1073611111111115,30.2,0.0,0.0,97.0,202.0,299.0
2008-05-28,0.156,0.7738694444444445,4.686,0.0,0.16364166666666666,0.63,234.8,241.32269444444444,245.76,0.6,3.3505555555555557,19.8,0.0,19.0,98.0,146.0,263.0
2008-05-29,0.158,0.7882472222222222,4.576,0.0,0.12974444444444444,0.46,228.12,237.67515972222222,246.79,0.6,3.4756944444444446,19.6,0.0,47.0,41.0,204.0,292.0
2008-05-30,0.158,0.9703083333333333,6.216,0.0,0.12654027777777777,0.56,231.47,240.55369444444446,245.15,0.6,4.202916666666667,26.4,0.0,54.0,40.0,208.0,302.0
2008-05-31,0.156,1.1399097222222223,6.044,0.0,0.17355833333333334,0.866,233.42,240.65420138888888,244.78,0.6,4.923055555555555,25.6,0.0,46.0,57.0,144.0,247.0
2008-06-01,0.16,1.2839416666666668,4.954,0.0,0.1564861111111111,0.526,234.14,240.62318055555556,246.08,0.6,5.423194444444444,20.6,0.0,21.0,98.0,1181.0,1300.0
2008-06-02,0.154,0.7458416666666666,4.454,0.0,0.11469305555555555,0.432,227.85,236.369875,246.23,0.6,3.2180555555555554,18.6,0.0,19.0,40.0,163.0,222.0
2008-06-03,0.148,1.1095944444444445,6.758,0.0,0.12079027777777777,0.664,226.7,234.15220833333333,240.2,0.6,4.844166666666667,29.6,0.0,0.0,39.0,146.0,185.0
2008-06-04,0.154,1.1034111111111111,5.672,0.0,0.1058361111111111,0.384,226.2,234.70647222222223,241.5,0.6,4.8277777777777775,25.2,497.0,36.0,92.0,161.0,786.0
2008-06-05,0.146,0.7778319444444445,4.304,0.0,0.1063236111111111,0.536,228.95,235.16382638888888,243.72,0.6,3.3976388888888893,18.6,0.0,5.0,699.0,192.0,896.0
2008-06-06,0.156,0.8456347222222221,5.964,0.0,0.12119444444444445,0.732,234.14,239.7169375,244.37,0.6,3.6720833333333336,25.4,0.0,34.0,47.0,203.0,284.0
2008-06-07,0.226,1.3072805555555556,6.022,0.0,0.12945416666666665,0.628,230.95,238.98444444444442,245.15,1.0,5.531944444444444,25.6,0.0,31.0,87.0,477.0,595.0
2008-06-08,0.152,1.0710569444444444,7.578,0.0,0.1308222222222222,0.538,233.27,239.96493750000002,245.26,0.6,4.596111111111111,32.4,0.0,20.0,85.0,212.0,317.0
2008-06-09,0.158,0.9206236111111111,6.014,0.0,0.12752777777777777,0.494,232.91,239.43468055555556,244.83,0.6,4.039722222222222,25.6,0.0,25.0,92.0,157.0,274.0
2008-06-10,0.154,0.7410347222222222,4.378,0.0,0.1500125,0.508,234.36,239.97804861111112,245.09,0.6,3.204861111111111,18.4,1.0,53.0,94.0,197.0,345.0
2008-06-11,0.152,0.7800041666666666,4.32,0.0,0.14886944444444444,0.534,234.0,240.1544722222222,245.16,0.6,3.388472222222222,18.2,0.0,0.0,91.0,154.0,245.0
2008-06-12,0.166,0.8745361111111112,4.816,0.0,0.13145277777777778,0.554,234.59,239.69002083333334,245.14,0.6,3.7993055555555557,20.6,0.0,50.0,40.0,193.0,283.0
2008-06-13,0.154,1.3024878387769283,5.486,0.0,0.19584155663655314,0.676,232.94,238.88760250173732,244.74,0.6,5.60597637248089,23.2,0.0,4.0,39.0,152.0,195.0
2008-06-14,0.248,0.9617500000000001,5.58,0.0,0.23908333333333334,0.816,232.42,240.01449305555556,245.34,1.2,4.207777777777777,24.0,0.0,21.0,85.0,212.0,318.0
2008-06-15,0.154,1.5896541666666666,6.252,0.0,0.19514305555555558,0.786,232.94,239.45372916666668,243.97,0.6,6.773611111111111,26.6,0.0,53.0,40.0,628.0,721.0
2008-06-16,0.146,0.9048916666666668,5.29,0.0,0.14193194444444446,0.708,233.97,240.43346527777777,246.14,0.6,3.9047222222222224,22.4,0.0,12.0,40.0,415.0,467.0
2008-06-17,0.088,0.7951972222222222,4.524,0.0,0.12185,0.604,234.74,240.35443055555555,246.09,0.4,3.4345833333333333,19.2,0.0,12.0,87.0,151.0,250.0
2008-06-18,0.136,1.3150055555555555,5.906,0.0,0.18939166666666665,0.85,233.51,239.73986805555555,244.12,0.6,5.711388888888889,25.4,0.0,0.0,93.0,143.0,236.0
2008-06-19,0.136,1.1028347222222221,7.52,0.0,0.13154027777777777,1.09,233.2,239.2726875,244.37,0.6,4.737916666666667,32.4,0.0,30.0,200.0,141.0,371.0
2008-06-20,0.134,1.1639611111111112,5.992,0.0,0.15793055555555555,1.036,233.42,239.9391875,244.8,0.6,5.008194444444444,25.8,0.0,33.0,95.0,152.0,280.0
2008-06-21,0.136,1.2043430555555554,6.368,0.0,0.16599166666666665,0.556,232.75,239.46340972222222,243.88,0.6,5.134166666666666,27.2,0.0,46.0,98.0,629.0,773.0
2008-06-22,0.134,1.087788888888889,4.922,0.0,0.20426666666666668,0.602,230.54,239.04411805555557,244.9,0.6,4.674027777777778,21.2,0.0,41.0,97.0,669.0,807.0
2008-06-23,0.132,0.8693027777777778,5.662,0.0,0.14649722222222222,0.608,233.06,238.93765277777777,243.97,0.6,3.7919444444444443,24.2,0.0,49.0,94.0,139.0,282.0
2008-06-24,0.134,1.2183694444444444,5.798,0.0,0.17570972222222223,0.632,230.84,237.91538888888888,244.47,0.6,5.262222222222222,25.0,0.0,7.0,95.0,153.0,255.0
2008-06-25,0.132,0.8762291666666666,4.542,0.0,0.2018236111111111,0.738,233.19,238.89490277777776,244.22,0.6,3.9109722222222225,19.4,438.0,32.0,99.0,148.0,717.0
2008-06-26,0.132,0.7333472222222223,5.428,0.0,0.15098194444444443,0.712,232.42,239.3514027777778,244.92,0.6,3.2111111111111112,23.4,0.0,45.0,96.0,155.0,296.0
2008-06-27,0.132,1.2188555555555556,6.366,0.0,0.18195,0.656,232.04,238.9349861111111,245.5,0.6,5.236666666666666,27.2,0.0,15.0,91.0,138.0,244.0
2008-06-28,0.124,0.8394444444444444,4.22,0.0,0.14649583333333333,0.806,233.62,239.14238194444445,243.74,0.4,3.6859722222222224,18.0,0.0,12.0,101.0,278.0,391.0
2008-06-29,0.136,0.5203833333333333,3.09,0.0,0.12754444444444443,0.4,234.76,240.16064583333335,245.81,0.6,2.3311111111111114,13.4,0.0,0.0,102.0,927.0,1029.0
2008-06-30,0.136,0.5584694444444445,4.166,0.0,0.1316152777777778,0.44,233.98,240.37611805555554,244.73,0.6,2.4791666666666665,17.8,0.0,12.0,407.0,325.0,744.0
2008-07-01,0.134,0.8439166666666666,4.622,0.0,0.19290833333333335,0.694,233.6,239.5402916666667,243.27,0.6,3.74,20.2,0.0,21.0,166.0,140.0,327.0
2008-07-02,0.136,0.7966680555555555,4.842,0.0,0.18509583333333335,0.772,231.65,238.96197916666668,244.23,0.6,3.569583333333333,20.8,0.0,24.0,102.0,226.0,352.0
2008-07-03,0.134,0.7627499999999999,7.126,0.0,0.1484361111111111,0.732,232.22,239.63549305555554,243.76,0.6,3.3431944444444444,30.8,0.0,15.0,99.0,137.0,251.0
2008-07-04,0.14,0.6541805555555555,3.454,0.0,0.13064722222222222,0.51,236.17,240.1796527777778,243.37,0.6,2.8283333333333336,15.0,0.0,54.0,94.0,175.0,323.0
2008-07-05,0.136,1.0202,5.904,0.0,0.15609722222222222,0.734,233.19,239.56477083333334,243.69,0.6,4.386527777777778,25.2,0.0,42.0,96.0,291.0,429.0
2008-07-06,0.138,1.2535166666666666,6.302,0.0,0.1760986111111111,0.908,234.15,240.59022916666666,245.31,0.6,5.359444444444445,26.8,0.0,0.0,96.0,522.0,618.0
2008-07-07,0.136,0.6829097222222222,4.052,0.0,0.14084027777777777,0.594,234.61,239.63371527777778,245.53,0.6,2.968611111111111,17.2,0.0,50.0,97.0,188.0,335.0
2008-07-08,0.136,0.7820930555555555,4.562,0.0,0.13633194444444446,0.702,233.84,239.700625,244.93,0.6,3.371388888888889,19.4,0.0,40.0,92.0,141.0,273.0
2008-07-09,0.136,0.6384152777777777,4.298,0.0,0.13314166666666666,0.498,235.0,240.3295763888889,243.65,0.6,2.7752777777777777,18.2,0.0,38.0,89.0,144.0,271.0
2008-07-10,0.134,0.8689416666666667,4.806,0.0,0.1668347222222222,0.582,234.71,239.86775694444444,244.09,0.6,3.7434722222222225,20.4,0.0,15.0,92.0,122.0,229.0
2008-07-11,0.134,0.8709833333333332,4.896,0.0,0.17433055555555554,0.944,236.26,239.5169097222222,245.07,0.6,3.782222222222222,20.8,0.0,25.0,99.0,166.0,290.0
2008-07-12,0.134,0.9228138888888889,6.88,0.0,0.18480833333333335,0.954,231.66,240.05927777777777,244.12,0.6,4.050416666666667,29.6,454.0,41.0,648.0,183.0,1326.0
2008-07-13,0.144,0.8718734353268428,5.408,0.0,0.11606954102920722,0.53,234.27,240.29121696801113,244.68,0.6,3.769123783031989,23.0,0.0,42.0,87.0,181.0,310.0
2008-07-14,0.146,0.7902263888888889,4.324,0.0,0.14560277777777778,0.638,235.11,240.4941875,243.92,0.6,3.431666666666667,18.6,445.0,39.0,87.0,271.0,842.0
2008-07-15,0.152,0.8026805555555555,4.748,0.0,0.13259444444444446,0.48,234.98,239.78144444444447,244.09,0.6,3.435694444444444,20.2,0.0,41.0,89.0,183.0,313.0
2008-07-16,0.152,0.7479597222222222,6.98,0.0,0.14337638888888887,0.676,235.1,240.59338194444442,244.96,0.6,3.2368055555555557,29.8,0.0,10.0,40.0,359.0,409.0
2008-07-17,0.158,0.9160569444444445,4.764,0.0,0.1663236111111111,0.712,233.59,239.91703472222224,244.75,0.6,4.026666666666666,20.6,0.0,44.0,40.0,444.0,528.0
2008-07-18,0.162,0.8761,4.416,0.0,0.1358375,0.638,233.67,239.5771875,245.06,0.6,3.736944444444444,18.8,0.0,20.0,89.0,689.0,798.0
2008-07-19,0.144,0.9333430555555555,5.376,0.0,0.1444652777777778,0.81,233.29,239.15111805555554,243.76,0.6,4.019722222222222,23.6,0.0,24.0,40.0,167.0,231.0
2008-07-20,0.142,0.6538430555555556,4.726,0.0,0.11984444444444443,0.62,233.33,239.77769444444445,243.65,0.6,2.836388888888889,20.2,539.0,23.0,807.0,708.0,2077.0
2008-07-21,0.144,0.8031097222222223,5.938,0.0,0.11975694444444443,0.642,233.79,239.10169444444443,245.1,0.6,3.482083333333333,25.4,0.0,11.0,40.0,147.0,198.0
2008-07-22,0.146,0.5140569444444444,3.16,0.0,0.11189444444444445,0.566,235.07,239.67030555555556,244.67,0.6,2.272638888888889,13.4,0.0,16.0,88.0,151.0,255.0
2008-07-23,0.146,0.6546041666666667,5.886,0.0,0.11277222222222222,0.476,233.83,240.09611805555554,244.67,0.6,2.8494444444444444,25.2,0.0,28.0,91.0,167.0,286.0
2008-07-24,0.15,0.7593402777777778,4.574,0.0,0.12908472222222223,0.586,235.42,239.8837638888889,244.2,0.6,3.2215277777777778,19.4,0.0,19.0,565.0,294.0,878.0
2008-07-25,0.144,0.6010652777777777,5.766,0.0,0.12688472222222222,0.45,232.36,239.0572152777778,244.59,0.6,2.618333333333333,24.8,0.0,29.0,97.0,175.0,301.0
2008-07-26,0.144,0.5664472222222222,4.398,0.0,0.1481375,0.508,233.43,240.02869444444445,243.8,0.6,2.4944444444444445,20.0,0.0,29.0,94.0,173.0,296.0
2008-07-27,0.144,0.7968027777777777,3.896,0.0,0.1619013888888889,0.604,233.69,238.4711597222222,244.48,0.6,3.5125,16.6,0.0,29.0,91.0,309.0,429.0
2008-07-28,0.15,0.573475,5.044,0.0,0.13785694444444446,0.444,234.27,239.99369444444443,244.85,0.6,2.5743055555555556,21.4,0.0,30.0,94.0,180.0,304.0
2008-07-29,0.348,0.8101097222222222,3.976,0.0,0.1447111111111111,0.568,234.46,240.24888194444446,244.24,1.8,3.6408333333333336,17.2,0.0,30.0,98.0,436.0,564.0
2008-07-30,0.218,0.9027138888888888,4.392,0.0,0.1580111111111111,0.616,234.59,239.08559027777778,245.06,1.0,4.065138888888889,19.0,0.0,7.0,488.0,357.0,852.0
2008-07-31,0.15,0.9671097222222221,5.368,0.0,0.16908055555555557,0.668,234.21,240.09567361111112,244.89,0.6,4.231805555555556,22.8,0.0,3.0,113.0,216.0,332.0
2008-08-01,0.138,0.5135944444444445,4.284,0.0,0.1754888888888889,0.51,234.34,239.8054375,244.11,0.6,2.3279166666666664,18.2,0.0,72.0,113.0,247.0,432.0
2008-08-02,0.134,0.35123333333333334,2.038,0.0,0.12381527777777779,0.374,234.31,239.12872916666666,244.88,0.6,1.5879166666666666,8.6,0.0,25.0,101.0,133.0,259.0
2008-08-03,0.132,0.35054305555555554,1.95,0.0,0.11531388888888888,0.344,231.55,237.0544375,241.54,0.6,1.5766666666666667,8.2,0.0,29.0,39.0,131.0,199.0
2008-08-04,0.134,0.7824322446143156,5.89,0.0,0.1345517720639333,0.584,231.5,237.86346073662267,241.71,0.6,3.4172341904100065,25.4,0.0,29.0,39.0,132.0,200.0
2008-08-05,0.078,0.5743875,5.796,0.0,0.1251722222222222,0.45,234.84,238.73645833333333,242.1,0.2,2.5059722222222223,24.8,0.0,30.0,324.0,747.0,1101.0
2008-08-06,0.078,0.22646666666666668,0.976,0.0,0.1489611111111111,0.386,236.76,240.56582638888887,246.11,0.2,1.0904166666666666,4.2,0.0,26.0,94.0,86.0,206.0
2008-08-07,0.078,0.23255833333333334,1.05,0.0,0.1492638888888889,0.482,236.13,239.3123263888889,242.87,0.2,1.1206944444444444,4.8,0.0,25.0,102.0,73.0,198.0
2008-08-08,0.078,0.2098611111111111,0.976,0.0,0.13642222222222222,0.386,236.32,239.45654166666665,243.59,0.2,1.0055555555555555,4.4,0.0,15.0,100.0,103.0,217.0
2008-08-09,0.078,0.24925277777777777,2.696,0.0,0.13888194444444446,0.58,237.57,240.71045833333332,244.56,0.2,1.1602777777777777,11.4,0.0,28.0,98.0,81.0,203.0
2008-08-10,0.078,0.24446666666666667,1.064,0.0,0.1313236111111111,0.45,236.52,240.2648888888889,243.69,0.2,1.1225,4.6,0.0,24.0,97.0,71.0,187.0
2008-08-11,0.078,0.258275,1.2,0.0,0.13029166666666667,0.492,235.75,240.7183263888889,245.13,0.2,1.1706944444444445,5.4,0.0,28.0,91.0,255.0,374.0
2008-08-12,0.076,0.20068333333333332,0.958,0.0,0.12989027777777779,0.426,236.17,240.04828472222223,243.97,0.2,0.9534722222222223,4.2,0.0,5.0,39.0,88.0,132.0
2008-08-13,0.078,0.19623888888888888,0.962,0.0,0.1276638888888889,0.386,237.3,240.87151388888887,243.89,0.2,0.9315277777777778,4.2,0.0,29.0,92.0,68.0,188.0
2008-08-14,0.078,0.18767916666666665,0.958,0.0,0.1235875,0.39,237.47,241.14088194444443,244.78,0.2,0.885,4.2,0.0,28.0,40.0,76.0,142.0
2008-08-15,0.078,0.1900375,1.008,0.0,0.12373472222222222,0.434,237.12,241.15816666666666,244.31,0.2,0.8959722222222223,4.6,0.0,27.0,89.0,77.0,192.0
2008-08-16,0.08,0.19084305555555556,1.12,0.0,0.12616527777777778,0.492,238.75,242.09534722222222,246.43,0.2,0.8994444444444445,4.8,0.0,26.0,40.0,75.0,138.0
2008-08-17,0.08,0.19083055555555556,1.018,0.0,0.12466388888888888,0.48,238.08,241.18345138888887,244.86,0.2,0.8977777777777778,4.6,0.0,28.0,92.0,74.0,194.0
2008-08-18,0.08,0.19010972222222222,0.934,0.0,0.12367916666666667,0.38,238.26,241.35584027777776,244.68,0.2,0.8943055555555556,4.2,0.0,27.0,94.0,60.0,178.0
2008-08-19,0.078,0.19075833333333334,0.946,0.0,0.12543194444444444,0.392,236.83,240.8947361111111,244.0,0.2,0.9033333333333333,4.2,0.0,28.0,93.0,90.0,210.0
2008-08-20,0.08,0.18643888888888888,0.954,0.0,0.12365555555555555,0.418,237.26,241.54370833333334,245.05,0.2,0.8833333333333333,4.2,0.0,28.0,89.0,80.0,195.0
2008-08-21,0.078,0.18145694444444443,0.926,0.0,0.11734166666666668,0.382,236.77,240.29566666666668,244.18,0.2,0.8497222222222222,4.2,0.0,27.0,87.0,64.0,178.0
2008-08-22,0.078,0.1855027777777778,1.02,0.0,0.12128749999999999,0.492,236.89,240.88224305555556,246.17,0.2,0.8720833333333333,4.6,0.0,27.0,90.0,82.0,196.0
2008-08-23,0.078,0.1768347222222222,1.02,0.0,0.11765416666666667,0.514,237.42,242.14265972222222,247.23,0.2,0.8308333333333334,4.6,0.0,18.0,87.0,77.0,182.0
2008-08-24,0.078,0.1768861111111111,0.912,0.0,0.11382638888888888,0.396,235.86,241.61341666666667,245.9,0.2,0.8263888888888888,4.0,0.0,6.0,82.0,61.0,149.0
2008-08-25,0.078,0.17381805555555555,0.958,0.0,0.11379861111111111,0.458,236.0,241.47397222222224,246.96,0.2,0.8083333333333333,4.4,0.0,26.0,41.0,65.0,130.0
2008-08-26,0.078,0.1788638888888889,0.952,0.0,0.11567083333333333,0.388,237.93,241.11954861111113,245.84,0.2,0.8372222222222222,4.2,0.0,14.0,89.0,65.0,165.0
2008-08-27,0.078,0.17924583333333333,1.006,0.0,0.1151888888888889,0.492,236.34,240.57646527777777,245.82,0.2,0.8331944444444445,4.6,0.0,3.0,40.0,67.0,109.0
2008-08-28,0.076,0.18628194444444443,1.18,0.0,0.12090138888888889,0.41,233.92,240.54265277777776,244.08,0.2,0.875,5.0,0.0,27.0,86.0,66.0,176.0
2008-08-29,0.078,0.18582500000000002,0.924,0.0,0.11887916666666667,0.382,235.82,240.33545138888888,243.95,0.2,0.875,4.0,0.0,26.0,40.0,70.0,136.0
2008-08-30,0.078,0.18779444444444443,0.924,0.0,0.12329999999999999,0.396,236.99,240.51399305555557,246.76,0.2,0.88625,4.0,0.0,22.0,40.0,91.0,153.0
2008-08-31,0.078,1.04281723419041,7.52,0.0,0.14622515635858235,0.532,231.93,240.01763724808896,245.09,0.2,4.450312717164698,32.4,0.0,0.0,93.0,67.0,160.0
2008-09-01,0.142,0.8663263888888889,4.184,0.0,0.12811527777777776,0.634,234.63,239.9159097222222,246.86,0.6,3.7325,17.6,0.0,40.0,633.0,192.0,865.0
2008-09-02,0.142,0.9612180555555555,4.962,0.0,0.15599583333333333,0.604,232.17,239.3289652777778,245.73,0.6,4.141527777777778,21.4,0.0,11.0,92.0,226.0,329.0
2008-09-03,0.146,0.964226388888889,5.61,0.0,0.12450555555555556,0.554,231.79,240.0294583333333,244.95,0.6,4.118611111111111,24.2,0.0,10.0,86.0,184.0,280.0
2008-09-04,0.144,0.8508472222222222,7.02,0.0,0.10546666666666665,0.726,228.01,238.66349305555556,244.06,0.6,3.6547222222222224,30.6,0.0,15.0,78.0,140.0,233.0
2008-09-05,0.14,0.6069166666666667,4.952,0.0,0.10224722222222221,0.45,233.83,239.59059027777778,243.53,0.6,2.6055555555555556,21.2,0.0,24.0,78.0,139.0,241.0
2008-09-06,0.144,1.2976208333333334,6.0,0.0,0.16548055555555555,0.556,233.04,239.33977777777778,243.52,0.6,5.524444444444445,26.0,0.0,24.0,78.0,138.0,240.0
2008-09-07,0.168,0.9532333333333333,6.146,0.0,0.12253055555555555,0.458,231.83,240.58868750000002,245.98,0.6,4.080833333333333,25.8,0.0,0.0,86.0,379.0,465.0
2008-09-08,0.146,0.9092527777777778,5.916,0.0,0.11150972222222223,0.652,234.01,241.3818263888889,247.79,0.6,3.8533333333333335,25.2,0.0,23.0,81.0,174.0,278.0
2008-09-09,0.144,0.8053152777777778,5.02,0.0,0.12546527777777777,0.624,233.51,239.78166666666664,246.56,0.6,3.4644444444444447,21.2,236.0,35.0,510.0,149.0,930.0
2008-09-10,0.142,0.9033083333333333,5.858,0.0,0.1155763888888889,0.444,232.81,239.48058333333333,243.72,0.6,3.8575,25.2,0.0,23.0,83.0,229.0,335.0
2008-09-11,0.144,0.7143847222222222,4.206,0.0,0.13335972222222223,0.61,234.29,239.09980555555555,244.66,0.6,3.080277777777778,18.0,0.0,24.0,84.0,157.0,265.0
2008-09-12,0.142,0.9671958333333333,6.29,0.0,0.12381805555555556,0.74,233.14,239.9683125,245.14,0.6,4.144583333333333,27.0,0.0,17.0,264.0,143.0,424.0
2008-09-13,0.144,1.1329416666666665,6.306,0.0,0.1293,0.53,232.69,240.1245486111111,244.55,0.6,4.820138888888889,26.8,0.0,14.0,84.0,332.0,430.0
2008-09-14,0.176,1.0946708333333333,5.128,0.0,0.13454583333333334,0.598,231.92,239.8889861111111,245.9,0.8,4.734999999999999,21.8,0.0,25.0,41.0,359.0,425.0
2008-09-15,0.228,1.178963888888889,5.278,0.0,0.09452638888888888,0.656,232.66,240.25590972222224,246.99,1.0,5.071805555555556,22.6,0.0,0.0,91.0,374.0,465.0
2008-09-16,0.158,0.8485152777777778,6.788,0.0,0.108375,0.568,232.92,240.94875000000002,246.65,0.6,3.6193055555555556,29.2,0.0,23.0,91.0,205.0,319.0
2008-09-17,0.152,1.0550069444444445,5.91,0.0,0.12303333333333334,0.464,232.84,240.6566736111111,247.81,0.6,4.489722222222222,25.2,0.0,17.0,91.0,144.0,252.0
2008-09-18,0.156,1.0453402777777778,6.08,0.0,0.1315111111111111,0.564,232.79,240.3271388888889,245.05,0.6,4.447361111111111,26.0,0.0,23.0,93.0,163.0,279.0
2008-09-19,0.154,1.0547541666666667,6.296,0.0,0.11581111111111111,0.748,234.28,240.3571111111111,244.37,0.6,4.47875,26.8,70.0,22.0,549.0,204.0,845.0
2008-09-20,0.15,0.9059722222222222,4.202,0.0,0.108475,0.384,234.92,240.59411805555558,245.42,0.6,3.8055555555555554,17.8,0.0,22.0,94.0,515.0,631.0
2008-09-21,0.154,1.0646319444444443,6.862,0.0,0.1432375,0.598,233.41,240.94015972222223,247.26,0.6,4.560277777777778,30.0,0.0,0.0,95.0,139.0,234.0
2008-09-22,0.154,0.9434472222222223,7.318,0.0,0.105225,0.414,230.75,240.2091597222222,246.16,0.6,4.012638888888889,31.6,0.0,23.0,40.0,198.0,261.0
2008-09-23,0.158,0.8561027777777778,5.714,0.0,0.11467222222222223,0.57,233.3,240.18336111111108,244.54,0.6,3.6841666666666666,24.2,0.0,33.0,75.0,158.0,266.0
2008-09-24,0.154,1.193298611111111,6.412,0.0,0.12046666666666667,0.514,234.28,240.1257916666667,246.2,0.6,5.031666666666667,27.4,0.0,8.0,96.0,315.0,419.0
2008-09-25,0.146,0.7855694444444444,5.774,0.0,0.12067361111111112,0.436,231.48,240.2903263888889,245.16,0.6,3.34375,25.0,0.0,37.0,97.0,136.0,270.0
2008-09-26,0.148,0.9940625000000001,6.012,0.0,0.146925,0.716,234.24,240.39362500000001,245.69,0.6,4.239583333333333,25.4,0.0,0.0,94.0,133.0,227.0
2008-09-27,0.148,1.4773930555555554,5.688,0.0,0.17850000000000002,0.738,232.15,240.14647916666667,245.94,0.6,6.258611111111111,24.4,0.0,1.0,40.0,153.0,194.0
2008-09-28,0.164,1.2021555555555556,5.992,0.0,0.11386666666666666,0.466,233.13,240.27841666666666,244.79,0.6,5.079583333333334,25.6,207.0,23.0,39.0,1703.0,1972.0
2008-09-29,0.234,1.0428736111111112,4.288,0.0,0.13849444444444445,0.538,233.66,240.26402083333335,246.42,1.0,4.4094444444444445,18.0,0.0,0.0,97.0,219.0,316.0
2008-09-30,0.23,0.9548652777777779,5.532,0.0,0.10770277777777779,0.768,233.27,240.58377083333335,248.0,1.0,4.0247222222222225,23.4,0.0,16.0,40.0,250.0,306.0
2008-10-01,0.232,1.3002527777777777,6.254,0.0,0.12587222222222222,0.59,232.32,241.12861111111113,247.7,1.0,5.482083333333334,26.2,0.0,23.0,93.0,242.0,358.0
2008-10-02,0.22,0.9342652777777778,6.048,0.0,0.10671944444444444,0.618,232.97,240.32824305555553,244.63,1.0,3.948611111111111,25.6,0.0,0.0,659.0,245.0,904.0
2008-10-03,0.226,1.1198472222222222,4.7,0.0,0.11013750000000001,0.916,232.52,239.84200694444445,245.27,1.0,4.745694444444444,19.8,0.0,19.0,40.0,286.0,345.0
2008-10-04,0.244,1.4586777777777777,5.57,0.0,0.15013888888888888,0.61,230.99,240.1744027777778,248.28,1.0,6.144861111111111,23.6,499.0,0.0,855.0,586.0,1940.0
2008-10-05,0.24,1.0763541666666667,5.698,0.0,0.10159444444444445,0.502,231.22,240.13754166666666,246.61,1.0,4.534166666666667,24.4,0.0,24.0,366.0,237.0,627.0
2008-10-06,0.246,0.9887374999999999,6.052,0.0,0.08694722222222222,0.414,230.7,239.1190763888889,243.15,1.0,4.216388888888889,26.0,0.0,28.0,1143.0,972.0,2143.0
2008-10-07,0.25,1.1990055555555554,6.536,0.0,0.1300236111111111,0.696,231.14,238.85286805555555,246.57,1.0,5.166111111111111,28.2,0.0,24.0,94.0,433.0,551.0
2008-10-08,0.248,1.2920666666666667,5.112,0.0,0.10584027777777777,0.444,233.89,240.0490138888889,246.34,1.0,5.43125,21.6,0.0,2.0,40.0,313.0,355.0
2008-10-09,0.25,1.3775569444444444,6.486,0.0,0.12631944444444446,0.56,232.23,239.2754236111111,245.43,1.0,5.812361111111111,28.0,0.0,8.0,92.0,248.0,348.0
2008-10-10,0.236,1.0544013888888888,5.952,0.0,0.10280833333333333,0.764,231.81,239.63485416666666,244.78,1.0,4.436805555555556,25.6,0.0,8.0,91.0,262.0,361.0
2008-10-11,0.232,1.1592958333333334,6.362,0.0,0.10753333333333334,0.466,232.91,239.18261805555554,245.9,1.0,4.905972222222222,27.0,0.0,10.0,40.0,318.0,368.0
2008-10-12,0.236,1.3249583333333335,8.22,0.0,0.11236527777777779,0.506,228.61,240.15154166666665,245.95,1.0,5.615138888888889,35.8,0.0,36.0,41.0,429.0,506.0
2008-10-13,0.238,1.015261111111111,6.784,0.0,0.10270416666666667,0.486,232.87,240.80942361111113,245.92,1.0,4.254305555555556,28.6,0.0,48.0,41.0,250.0,339.0
2008-10-14,0.236,1.1174,5.592,0.0,0.1140875,0.692,230.56,239.21572916666668,243.95,1.0,4.730138888888889,24.0,0.0,0.0,96.0,238.0,334.0
2008-10-15,0.292,1.4978444444444445,6.496,0.0,0.1169875,0.406,232.05,239.5067916666667,243.94,1.2,6.328194444444445,27.8,0.0,25.0,739.0,282.0,1046.0
2008-10-16,0.288,1.0997777777777777,4.376,0.0,0.09502777777777778,0.388,232.96,239.26284722222223,244.35,1.2,4.66125,18.4,0.0,5.0,65.0,299.0,369.0
2008-10-17,0.244,1.296448611111111,6.246,0.0,0.1066125,0.694,231.29,240.047625,245.89,1.0,5.475833333333333,27.0,0.0,35.0,89.0,315.0,439.0
2008-10-18,0.238,1.5549930555555556,7.146,0.0,0.11293611111111113,0.606,229.11,239.83543055555558,246.47,1.0,6.547083333333333,30.6,0.0,11.0,40.0,241.0,292.0
2008-10-19,0.252,1.3693986111111112,10.29,0.0,0.12610833333333332,0.644,228.48,240.04254861111113,245.77,1.0,5.805277777777778,44.6,0.0,1384.0,484.0,3259.0,5127.0
2008-10-20,0.24,1.158023611111111,6.124,0.0,0.09570277777777779,0.48,233.96,240.43249305555554,245.87,1.0,4.860277777777778,26.2,0.0,33.0,39.0,237.0,309.0
2008-10-21,0.246,1.433136111111111,6.156,0.0,0.10579444444444444,0.686,232.97,239.7306875,246.89,1.0,6.080833333333333,26.2,0.0,26.0,94.0,306.0,426.0
2008-10-22,0.242,1.1430625,5.174,0.0,0.1037111111111111,0.496,234.37,240.8157638888889,248.18,1.0,4.836944444444445,22.0,0.0,13.0,90.0,233.0,336.0
2008-10-23,0.228,1.2711763888888887,6.974,0.0,0.11195,0.818,229.52,240.39904166666668,246.63,1.0,5.374583333333333,29.2,0.0,32.0,90.0,276.0,398.0
2008-10-24,0.24,1.4814069444444444,7.978,0.0,0.1166763888888889,0.506,230.0,240.41369444444442,246.63,1.0,6.266944444444444,34.0,0.0,44.0,88.0,233.0,365.0
2008-10-25,0.198,1.0903049391553328,5.056,0.0,0.07962634216177523,0.53,232.45,240.9600286327845,246.58,0.8,4.554760200429492,21.2,0.0,34.0,0.0,377.0,411.0
2008-10-26,0.2,0.36353611111111106,1.518,0.0,0.08022916666666667,0.324,235.41,242.12346527777777,247.68,0.8,1.4991666666666668,6.2,0.0,0.0,0.0,250.0,250.0
2008-10-27,0.198,0.36381388888888894,1.538,0.0,0.08956805555555557,0.322,236.15,242.22805555555558,246.92,0.8,1.5091666666666665,6.4,0.0,21.0,0.0,243.0,264.0
2008-10-28,0.198,0.9217291666666666,5.018,0.0,0.10074722222222222,0.636,232.9,241.32679166666668,247.84,0.8,3.8531944444444446,21.2,0.0,0.0,0.0,238.0,238.0
2008-10-29,0.66,1.1198444444444444,5.042,0.0,0.09255694444444446,0.494,234.32,241.78959722222223,247.75,2.8,4.604305555555555,21.0,0.0,32.0,0.0,1994.0,2026.0
2008-10-30,0.2,0.7629166666666666,2.626,0.0,0.08543611111111112,0.582,236.39,242.08329166666667,248.47,0.8,3.2733333333333334,11.2,0.0,32.0,0.0,702.0,734.0
2008-10-31,0.192,0.892938888888889,3.178,0.0,0.07246388888888888,0.31,235.05,241.32977083333333,247.22,0.8,3.7663888888888892,13.4,0.0,0.0,429.0,460.0,889.0
2008-11-01,0.418,0.5767347222222222,1.672,0.0,0.07893888888888889,0.33,235.28,241.8102361111111,246.65,2.0,2.6256944444444446,7.0,0.0,31.0,0.0,448.0,479.0
2008-11-02,0.418,0.6323708333333333,2.29,0.0,0.0836611111111111,0.378,235.63,242.15574305555558,247.75,2.0,2.864027777777778,10.0,0.0,0.0,0.0,473.0,473.0
2008-11-03,0.25,0.5886111111111111,2.682,0.0,0.08003333333333333,0.322,233.49,241.76511805555558,247.65,1.2,2.665,11.2,0.0,0.0,0.0,466.0,466.0
2008-11-04,0.25,1.0849416666666667,7.816,0.0,0.08435833333333333,0.488,227.15,240.80244444444446,245.98,1.2,4.6523611111111105,33.6,0.0,0.0,0.0,282.0,282.0
2008-11-05,0.258,2.177034722222222,8.862,0.0,0.17904166666666665,0.886,233.28,239.48077083333334,245.05,1.2,9.239166666666666,38.2,0.0,33.0,0.0,296.0,329.0
2008-11-06,0.212,1.1030819444444444,6.71,0.0,0.12601944444444443,0.634,232.04,240.39021527777777,245.42,0.8,4.726666666666667,29.0,0.0,27.0,0.0,254.0,281.0
2008-11-07,0.258,1.1244333333333334,4.724,0.0,0.07638055555555555,0.568,234.26,239.75178472222223,244.42,1.2,4.754583333333334,19.8,0.0,0.0,0.0,299.0,299.0
2008-11-08,0.256,1.2035680555555555,5.978,0.0,0.09247777777777778,0.63,230.65,239.30802777777777,245.47,1.2,5.104722222222223,25.6,0.0,21.0,0.0,281.0,302.0
2008-11-09,0.252,1.7906513888888889,5.638,0.0,0.1464902777777778,0.674,228.24,238.45406944444443,244.17,1.0,7.620972222222223,24.2,0.0,48.0,116.0,708.0,872.0
2008-11-10,0.262,1.4587726638772665,5.672,0.0,0.10843096234309624,0.682,232.4,239.65224546722456,246.8,1.2,6.177545327754533,24.0,0.0,19.0,0.0,342.0,361.0
2008-11-11,0.258,1.7055208333333332,5.348,0.0,0.08894444444444445,0.536,230.65,239.87869444444445,245.67,1.2,7.183333333333334,22.8,0.0,33.0,0.0,689.0,722.0
2008-11-12,0.268,1.5205104311543811,7.072,0.0,0.110442280945758,0.602,233.05,240.38696105702365,248.77,1.2,6.348678720445062,30.2,0.0,23.0,72.0,1312.0,1407.0
2008-11-13,0.254,0.8600416666666667,5.828,0.0,0.08710000000000001,0.68,234.31,241.59792361111113,247.17,1.2,3.627222222222222,24.2,0.0,0.0,0.0,294.0,294.0
2008-11-14,0.256,1.1262069444444445,4.898,0.0,0.08881527777777778,0.626,232.85,241.02181944444445,246.94,1.2,4.7555555555555555,21.0,0.0,0.0,0.0,306.0,306.0
2008-11-15,0.256,2.105297222222222,7.732,0.0,0.11469444444444445,0.698,228.35,238.63411805555555,245.07,1.2,8.963194444444444,32.8,0.0,14.0,0.0,308.0,322.0
2008-11-16,0.22,1.642661111111111,6.466,0.0,0.11328472222222222,0.62,232.43,240.4941388888889,246.97,1.0,6.919027777777777,27.4,0.0,31.0,81.0,2532.0,2644.0
2008-11-17,0.212,1.0580805555555555,5.094,0.0,0.08255138888888888,0.422,233.4,241.13493055555554,246.82,0.8,4.412083333333333,21.4,0.0,16.0,0.0,596.0,612.0
2008-11-18,0.26,1.2146180555555555,7.71,0.0,0.09672361111111112,0.576,232.31,239.90204166666666,246.67,1.2,5.141805555555555,32.8,0.0,32.0,0.0,303.0,335.0
2008-11-19,0.258,1.2779430555555555,5.804,0.0,0.11559166666666666,0.818,232.01,240.53961805555554,247.58,1.2,5.412916666666667,24.4,0.0,18.0,0.0,291.0,309.0
2008-11-20,0.282,1.1752333333333334,5.254,0.0,0.08416111111111112,0.442,231.76,239.81811805555557,246.36,1.2,4.984444444444445,22.2,0.0,0.0,0.0,364.0,364.0
2008-11-21,0.26,1.162451388888889,4.628,0.0,0.08857916666666667,0.574,229.75,239.9283333333333,246.42,1.2,4.946527777777778,19.8,0.0,0.0,0.0,343.0,343.0
2008-11-22,0.258,1.18845,7.366,0.0,0.08671388888888888,0.59,229.32,239.7318125,245.32,1.2,5.049583333333333,31.8,0.0,21.0,53.0,301.0,375.0
2008-11-23,0.256,2.36645170257123,8.556,0.0,0.14381097984711605,0.646,228.32,239.14946490618487,246.01,1.2,10.051146629603892,37.0,0.0,0.0,0.0,789.0,789.0
2008-11-24,0.64,2.231248611111111,7.73,0.0,0.08445694444444445,0.48,233.63,240.3594861111111,246.16,2.6,9.285416666666666,32.6,0.0,38.0,1037.0,1645.0,2720.0
2008-11-25,0.21,1.8769791666666666,6.734,0.0,0.10455833333333332,0.57,233.82,240.93060416666668,249.23,0.8,7.823888888888889,29.0,0.0,0.0,0.0,1205.0,1205.0
2008-11-26,0.204,1.0527458333333333,5.956,0.0,0.08333055555555555,0.472,234.38,242.40089583333332,248.18,0.8,4.356388888888889,25.0,0.0,0.0,0.0,230.0,230.0
2008-11-27,0.204,1.6404291666666666,7.468,0.0,0.08765138888888889,0.56,234.56,241.4400138888889,247.1,0.8,6.841111111111112,31.8,0.0,30.0,0.0,717.0,747.0
2008-11-28,0.204,1.3096972222222223,5.07,0.0,0.0891847222222222,0.626,235.16,243.06651388888892,250.78,0.8,5.409583333333334,21.4,0.0,3.0,0.0,235.0,238.0
2008-11-29,0.194,1.6907416666666668,8.114,0.0,0.11563194444444444,0.702,234.46,241.24075694444446,246.56,0.8,7.0536111111111115,34.4,0.0,15.0,0.0,246.0,261.0
2008-11-30,0.21,1.6676305555555555,10.348,0.0,0.11868333333333334,0.65,231.41,242.3745625,249.2,0.8,6.955555555555556,44.6,0.0,0.0,1084.0,1422.0,2506.0
2008-12-01,0.276,1.1225958333333332,5.932,0.0,0.08241527777777778,0.342,234.36,243.4458402777778,250.92,1.2,4.758472222222222,25.0,0.0,0.0,0.0,370.0,370.0
2008-12-02,0.292,1.2454472222222222,6.366,0.0,0.10132499999999998,0.76,236.33,243.37936805555555,249.66,1.2,5.215138888888889,27.0,0.0,0.0,0.0,325.0,325.0
2008-12-03,0.264,1.218863888888889,5.88,0.0,0.0866125,0.53,235.4,243.38372916666668,248.68,1.2,5.069583333333333,24.8,0.0,0.0,0.0,302.0,302.0
2008-12-04,0.262,1.2073874999999998,4.726,0.0,0.07915972222222221,0.36,236.15,243.46313888888886,249.2,1.2,5.02375,20.2,0.0,4.0,0.0,294.0,298.0
2008-12-05,0.256,1.4295958333333334,6.13,0.0,0.08335138888888889,0.598,236.14,242.9759097222222,248.37,1.2,5.967638888888889,26.0,0.0,11.0,0.0,850.0,861.0
2008-12-06,0.206,1.7526638888888888,7.494,0.0,0.13065555555555555,0.796,232.72,241.13656250000003,247.1,0.8,7.358333333333333,32.2,0.0,0.0,426.0,470.0,896.0
2008-12-07,0.236,1.7130138888888888,4.996,0.0,0.12515555555555555,0.582,233.86,242.23854166666666,248.92,1.0,7.157361111111111,21.2,0.0,0.0,738.0,779.0,1517.0
2008-12-08,0.204,1.297663888888889,5.512,0.0,0.08387638888888889,0.52,236.99,243.73161805555557,249.16,0.8,5.383194444444444,22.6,0.0,10.0,1081.0,394.0,1485.0
2008-12-09,0.206,1.3910722222222223,7.136,0.0,0.092025,0.598,233.2,243.5556527777778,250.69,0.8,5.757638888888889,30.4,0.0,0.0,0.0,229.0,229.0
2008-12-10,0.208,1.540890510948905,6.07,0.0,0.10000437956204379,0.63,235.47,243.50085401459853,249.32,0.8,6.369489051094891,25.6,0.0,10.0,0.0,223.0,233.0
2008-12-11,0.212,0.9948069444444444,5.614,0.0,0.07980277777777778,0.558,235.74,243.41836111111112,249.49,0.8,4.121944444444445,23.2,0.0,9.0,0.0,242.0,251.0
2008-12-12,0.21,1.2607875,5.202,0.0,0.09676527777777778,0.674,236.25,243.04302083333334,248.78,0.8,5.221666666666667,21.4,0.0,32.0,0.0,354.0,386.0
2008-12-13,0.206,1.2677597222222223,6.434,0.0,0.11338749999999999,0.744,233.08,241.5385486111111,247.05,0.8,5.321805555555556,27.6,0.0,0.0,0.0,239.0,239.0
2008-12-14,0.264,1.390361111111111,6.006,0.0,0.11389861111111112,0.572,233.18,241.62279861111114,248.88,1.2,5.8815277777777775,25.4,0.0,0.0,0.0,336.0,336.0
2008-12-15,0.264,1.2468402777777778,4.94,0.0,0.07898888888888889,0.586,235.41,243.0392013888889,249.95,1.2,5.190972222222222,20.8,0.0,0.0,0.0,293.0,293.0
2008-12-16,0.268,1.2479791666666666,6.164,0.0,0.07958194444444444,0.61,235.64,243.87990277777777,249.73,1.2,5.192638888888888,25.8,0.0,0.0,0.0,342.0,342.0
2008-12-17,0.268,1.4574902777777778,4.936,0.0,0.09459444444444445,0.714,233.25,243.3135138888889,248.86,1.2,6.080277777777778,20.4,0.0,31.0,665.0,286.0,982.0
2008-12-18,0.214,1.2062083333333333,5.266,0.0,0.08199305555555556,0.436,237.37,242.8590625,249.0,0.8,4.989305555555556,22.4,0.0,0.0,0.0,292.0,292.0
2008-12-19,0.226,1.3070222222222223,5.238,0.0,0.09177361111111111,0.768,235.26,241.8661736111111,247.69,1.0,5.480138888888889,22.0,0.0,25.0,727.0,339.0,1091.0
2008-12-20,0.218,1.5583752605976373,6.224,0.0,0.11166782487838776,0.584,234.79,242.56599722029185,247.89,0.8,6.499791521890202,26.2,0.0,13.0,0.0,250.0,263.0
2008-12-21,0.208,1.8358402777777778,7.212,0.0,0.09380000000000001,0.52,233.43,241.72008333333332,248.64,0.8,7.662638888888889,30.2,0.0,1049.0,1076.0,536.0,2661.0
2008-12-22,0.216,1.3998666666666666,5.388,0.0,0.08671527777777778,0.732,235.15,241.86449305555556,248.47,1.0,5.857083333333334,22.8,0.0,25.0,0.0,274.0,299.0
2008-12-23,0.21,1.2486722222222222,6.8,0.0,0.10491666666666667,0.696,236.26,241.77054861111114,247.83,0.8,5.250694444444444,28.6,557.0,0.0,0.0,1304.0,1861.0
2008-12-24,0.208,0.8816930555555555,3.878,0.0,0.08008194444444444,0.514,236.94,243.960625,248.33,0.8,3.6336111111111107,16.0,0.0,9.0,0.0,238.0,247.0
2008-12-25,0.2,0.7368874999999999,4.814,0.0,0.08116805555555556,0.714,236.47,243.2330625,248.09,0.8,3.0386111111111114,20.8,0.0,0.0,656.0,1154.0,1810.0
2008-12-26,0.204,0.8498138888888889,4.11,0.0,0.08626527777777777,0.652,235.94,244.35365972222223,250.65,0.8,3.5006944444444446,17.0,0.0,32.0,0.0,223.0,255.0
2008-12-27,0.61,2.064002777777778,5.548,0.0,0.08203611111111112,0.432,235.54,243.31189583333332,248.72,2.4,8.431805555555554,23.4,0.0,0.0,490.0,1126.0,1616.0
2008-12-28,0.2,1.0907236111111112,4.08,0.0,0.07795,0.42,238.41,244.56038194444446,249.65,0.8,4.42,16.6,0.0,0.0,0.0,1806.0,1806.0
2008-12-29,0.2,0.38560972222222223,2.478,0.0,0.0636375,0.348,239.05,244.95475694444443,250.75,0.8,1.5788888888888888,10.2,0.0,2.0,592.0,220.0,814.0
2008-12-30,0.2,0.8300263888888889,4.14,0.0,0.07861527777777778,0.628,237.2,244.63816666666668,250.4,0.8,3.4018055555555557,17.2,0.0,0.0,0.0,238.0,238.0
2008-12-31,0.204,1.3640194444444445,6.026,0.0,0.08977222222222221,0.4,234.61,243.29661805555557,249.75,0.8,5.6876388888888885,25.4,0.0,0.0,0.0,230.0,230.0
2009-01-01,0.204,0.9768694444444445,8.584,0.0,0.07824166666666667,0.468,235.6,242.8360625,249.55,1.0,4.149861111111111,36.4,0.0,0.0,0.0,514.0,514.0
2009-01-02,0.218,1.616326388888889,7.6,0.0,0.1421736111111111,0.914,233.41,242.7048888888889,250.55,1.0,6.737777777777778,32.4,0.0,1743.0,0.0,623.0,2366.0
2009-01-03,0.204,1.3288166666666668,6.698,0.0,0.12146666666666667,0.632,236.81,243.68145833333332,248.96,0.8,5.530833333333333,28.2,0.0,6.0,0.0,254.0,260.0
2009-01-04,0.268,1.3472180555555555,5.274,0.0,0.11620694444444445,0.65,235.86,244.82243055555554,250.91,1.2,5.633194444444444,21.8,0.0,0.0,0.0,425.0,425.0
2009-01-05,0.274,1.113888888888889,5.53,0.0,0.08954027777777777,0.462,235.94,244.83077777777777,252.52,1.2,4.6362499999999995,23.0,0.0,0.0,0.0,334.0,334.0
2009-01-06,0.268,1.1735152777777778,6.038,0.0,0.08024722222222222,0.614,237.47,245.09266666666667,252.86,1.2,4.834027777777778,24.8,0.0,0.0,0.0,302.0,302.0
2009-01-07,0.278,1.4446333333333332,6.256,0.0,0.09826666666666665,0.586,237.22,246.0406388888889,253.17,1.2,5.946805555555556,25.6,0.0,64.0,0.0,326.0,390.0
2009-01-08,0.26,1.1342152777777779,5.254,0.0,0.08637083333333333,0.624,234.62,245.3507361111111,252.26,1.2,4.720694444444445,22.4,0.0,0.0,0.0,299.0,299.0
2009-01-09,0.21,1.2421541666666667,5.512,0.0,0.08025833333333333,0.522,236.92,244.62240972222224,249.88,0.8,5.182083333333333,22.8,0.0,20.0,0.0,298.0,318.0
2009-01-10,0.206,1.4603805555555556,8.78,0.0,0.11231527777777778,0.65,231.62,244.12048611111112,251.2,0.8,6.088888888888889,37.6,0.0,0.0,0.0,221.0,221.0
2009-01-11,0.21,1.3722138888888888,6.418,0.0,0.09947222222222223,0.47,235.93,245.5315486111111,253.94,0.8,5.764722222222223,26.8,0.0,86.0,0.0,268.0,354.0
2009-01-12,0.208,1.1036652777777778,4.552,0.0,0.07807499999999999,0.476,237.66,245.52706944444444,252.82,0.8,4.513888888888889,19.2,0.0,2.0,0.0,281.0,283.0
2009-01-13,0.258,1.5156944444444445,6.876,0.0,0.09315416666666666,0.626,237.41,244.45834027777778,252.22,1.2,6.254305555555556,29.0,0.0,0.0,0.0,294.0,294.0
2009-01-14,0.208,1.2343863794301597,5.694,0.0,0.08384989576094509,0.728,233.83,244.60943710910354,252.09,0.8,5.100208478109798,24.2,0.0,0.0,154.0,247.0,401.0
2009-01-15,0.204,1.0861583333333333,5.348,0.0,0.08024027777777779,0.416,235.24,243.02127777777778,249.59,0.8,4.520555555555556,22.4,0.0,49.0,0.0,242.0,291.0
2009-01-16,0.256,1.9212180555555556,8.108,0.0,0.12494444444444444,0.754,230.43,242.56897222222221,249.61,1.2,8.040555555555555,34.6,0.0,0.0,0.0,347.0,347.0
2009-01-17,0.3,2.304041666666667,6.738,0.0,0.11426666666666667,0.548,233.34,241.63154166666666,249.39,1.4,9.578888888888889,28.6,595.0,54.0,205.0,1343.0,2197.0
2009-01-18,0.212,2.1904125,7.594,0.0,0.14572222222222223,0.644,231.19,242.64408333333333,249.69,0.8,9.167638888888888,32.0,0.0,44.0,812.0,273.0,1129.0
2009-01-19,0.214,1.1804625,6.15,0.0,0.08282916666666666,0.59,233.2,243.1261736111111,249.78,0.8,4.924444444444444,26.4,0.0,43.0,526.0,290.0,859.0
2009-01-20,0.2,1.206963888888889,5.848,0.0,0.09297222222222222,1.096,235.88,243.39985416666664,249.83,0.8,4.979722222222223,24.4,0.0,0.0,0.0,274.0,274.0
2009-01-21,0.206,1.2079402777777777,6.08,0.0,0.08891944444444445,0.494,236.17,244.10518749999997,251.22,0.8,4.992916666666667,25.6,0.0,0.0,0.0,294.0,294.0
2009-01-22,0.256,0.859275,3.43,0.0,0.08027777777777777,0.452,234.55,244.00635416666668,250.43,1.2,3.5900000000000003,16.2,0.0,37.0,0.0,292.0,329.0
2009-01-23,0.266,1.326761111111111,5.952,0.0,0.08770694444444445,0.716,233.85,242.76895138888887,249.84,1.2,5.530833333333333,25.0,0.0,33.0,0.0,285.0,318.0
2009-01-24,0.214,1.5283125,8.556,0.0,0.11803749999999999,0.578,233.59,243.25075694444448,249.45,0.8,6.391111111111112,36.4,0.0,32.0,0.0,295.0,327.0
2009-01-25,0.212,1.9747666666666668,9.59,0.0,0.10261527777777778,0.458,232.3,242.54399305555555,249.43,0.8,8.151388888888889,41.0,521.0,0.0,880.0,1593.0,2994.0
2009-01-26,0.21,1.1628277777777778,4.316,0.0,0.07866388888888888,0.376,235.12,243.20027083333335,248.82,0.8,4.834444444444444,17.8,0.0,39.0,0.0,333.0,372.0
2009-01-27,0.288,0.9896041666666666,5.12,0.0,0.09419166666666666,0.586,236.24,243.9376041666667,250.13,1.2,4.167916666666667,21.4,0.0,0.0,0.0,406.0,406.0
2009-01-28,0.214,1.8900930555555555,6.87,0.0,0.08056944444444444,0.418,234.04,243.03222222222223,250.0,0.8,7.830972222222223,28.2,496.0,383.0,689.0,1058.0,2626.0
2009-01-29,0.218,1.0928458333333333,4.608,0.0,0.07243472222222222,0.336,236.03,243.36284722222223,250.7,1.0,4.532638888888889,19.0,0.0,29.0,0.0,246.0,275.0
2009-01-30,0.23,1.4298875,5.46,0.0,0.0833986111111111,0.624,235.42,244.28983333333332,249.9,1.0,5.917916666666666,23.2,0.0,28.0,0.0,255.0,283.0
2009-01-31,0.222,2.3005916666666666,7.164,0.0,0.1657722222222222,0.84,231.22,242.47138194444443,249.51,1.0,9.633194444444444,30.6,0.0,0.0,521.0,241.0,762.0
2009-02-01,0.212,1.289201141226819,6.56,0.0,0.10669186875891583,0.748,236.68,244.76485734664766,252.34,0.8,5.395720399429386,27.6,2.0,20.0,1089.0,2182.0,3293.0
2009-02-02,0.206,1.1134027777777777,7.17,0.0,0.07401944444444444,0.644,235.76,244.8748263888889,252.65,0.8,4.581111111111111,30.0,0.0,0.0,0.0,241.0,241.0
2009-02-03,0.212,1.2974930555555557,6.102,0.0,0.08542361111111112,0.732,234.58,244.3027222222222,250.54,0.8,5.3438888888888885,25.4,0.0,29.0,0.0,276.0,305.0
2009-02-04,0.208,1.708975,7.918,0.0,0.10528055555555557,0.774,236.05,244.68669444444447,251.22,0.8,7.041388888888889,33.2,0.0,0.0,0.0,243.0,243.0
2009-02-05,0.214,1.1452,6.066,0.0,0.08485277777777778,0.384,236.62,243.85506249999997,250.45,0.8,4.7625,25.6,0.0,33.0,0.0,283.0,316.0
2009-02-06,0.254,1.4224972222222223,5.702,0.0,0.08810555555555556,0.646,235.22,243.28893055555557,250.68,1.2,5.921666666666667,23.8,0.0,1.0,0.0,309.0,310.0
2009-02-07,0.21,2.1746777777777777,6.442,0.0,0.128225,0.606,232.72,242.05092361111113,250.42,0.8,9.080972222222222,26.8,0.0,9.0,396.0,733.0,1138.0
2009-02-08,0.214,1.5158791666666667,6.266,0.0,0.09306944444444445,0.504,233.2,243.35456944444445,249.63,0.8,6.329583333333334,26.4,0.0,0.0,1110.0,1319.0,2429.0
2009-02-09,0.214,1.1851652777777777,6.098,0.0,0.09347777777777778,0.68,235.4,243.3219861111111,250.3,0.8,4.9655555555555555,25.2,0.0,0.0,0.0,279.0,279.0
2009-02-10,0.214,1.349876388888889,4.77,0.0,0.08043888888888888,0.558,234.99,243.15777083333333,249.38,0.8,5.5841666666666665,20.2,0.0,27.0,717.0,340.0,1084.0
2009-02-11,0.216,1.8329097222222221,7.852,0.0,0.1662236111111111,0.73,232.01,242.09756249999998,248.98,0.8,7.73125,33.6,0.0,32.0,424.0,484.0,940.0
2009-02-12,0.222,1.3671250000000001,5.844,0.0,0.08283611111111111,0.504,234.55,242.91152777777776,249.88,1.0,5.682638888888889,24.2,0.0,9.0,0.0,270.0,279.0
2009-02-13,0.214,1.173626388888889,5.406,0.0,0.07582361111111112,0.8,233.9,241.69333333333336,248.59,0.8,4.891805555555555,23.2,0.0,0.0,0.0,230.0,230.0
2009-02-14,0.212,1.6221098748261475,6.286,0.0,0.08259248956884561,0.57,233.83,241.95406815020863,248.77,0.8,6.729485396383867,26.8,0.0,0.0,0.0,292.0,292.0
2009-02-15,0.198,1.1014111111111111,4.28,0.0,0.07918194444444444,0.412,233.39,242.8439375,249.08,0.8,4.501388888888889,18.0,0.0,0.0,0.0,1367.0,1367.0
2009-02-16,0.204,0.9159680555555555,4.422,0.0,0.07764305555555555,0.478,233.96,242.14300694444444,249.86,0.8,3.8281944444444447,19.0,0.0,18.0,0.0,346.0,364.0
2009-02-17,0.198,0.5520466101694915,2.586,0.0,0.07958333333333333,0.394,236.51,242.261843220339,248.29,0.8,2.298870056497175,10.8,0.0,0.0,0.0,229.0,229.0
2009-02-18,0.198,0.5739236111111111,1.582,0.0,0.07851666666666667,0.334,237.55,242.23109722222225,248.37,0.8,2.3558333333333334,6.6,0.0,33.0,0.0,334.0,367.0
2009-02-19,0.284,0.5119916666666667,2.764,0.0,0.0690125,0.334,234.97,241.54959027777775,247.09,1.2,2.111527777777778,11.4,0.0,0.0,0.0,334.0,334.0
2009-02-20,0.218,1.3060666666666667,6.322,0.0,0.10210833333333333,0.608,232.86,240.19070833333333,248.62,1.0,5.535,27.0,0.0,0.0,0.0,342.0,342.0
2009-02-21,0.228,0.9140166666666667,3.71,0.0,0.10791805555555557,0.672,235.46,240.9543402777778,247.32,1.0,3.806666666666667,15.4,0.0,0.0,0.0,1762.0,1762.0
2009-02-22,0.198,1.5544986111111112,11.122,0.0,0.12210277777777778,0.614,229.78,241.31630555555554,248.06,0.8,6.534722222222222,48.4,0.0,27.0,0.0,350.0,377.0
2009-02-23,0.234,1.8983722222222221,7.694,0.0,0.0901388888888889,0.818,232.67,241.24088194444445,247.49,1.0,7.873055555555556,33.2,0.0,43.0,0.0,1374.0,1417.0
2009-02-24,0.22,1.2382944444444444,4.846,0.0,0.08565694444444445,0.716,232.31,240.8879236111111,246.33,1.0,5.167638888888889,20.2,0.0,9.0,1074.0,250.0,1333.0
2009-02-25,0.206,0.8123916666666667,6.29,0.0,0.07852083333333333,0.408,232.81,241.2019652777778,247.83,0.8,3.4125,26.4,0.0,0.0,0.0,273.0,273.0
2009-02-26,0.208,0.8033694444444445,2.884,0.0,0.07819444444444444,0.548,231.77,240.73236805555555,247.37,0.8,3.3630555555555555,12.2,0.0,0.0,0.0,231.0,231.0
2009-02-27,0.208,1.4089708333333333,5.106,0.0,0.14035833333333333,0.898,231.18,240.96568750000003,248.13,0.8,5.903472222222222,22.2,0.0,4.0,114.0,348.0,466.0
2009-02-28,0.268,1.1324652777777777,6.788,0.0,0.14763055555555554,0.666,228.63,242.3972777777778,250.22,1.2,4.834305555555555,29.6,0.0,30.0,0.0,357.0,387.0
2009-03-01,0.256,1.7148200138985408,6.714,0.0,0.13141904100069493,0.59,232.37,242.13927727588603,248.62,1.2,7.221681723419041,28.6,0.0,12.0,146.0,376.0,534.0
2009-03-02,0.264,1.0260013888888888,4.578,0.0,0.09400277777777778,0.546,233.17,242.24184722222222,247.04,1.2,4.401111111111112,19.0,0.0,1.0,0.0,315.0,316.0
2009-03-03,0.258,1.2839944444444444,8.31,0.0,0.08882222222222222,0.468,235.45,242.89735416666667,248.59,1.2,5.347083333333334,35.4,0.0,0.0,0.0,295.0,295.0
2009-03-04,0.254,1.2792569444444446,4.992,0.0,0.08988472222222223,0.358,234.68,242.3844861111111,248.14,1.2,5.397222222222222,21.0,0.0,0.0,726.0,302.0,1028.0
2009-03-05,0.298,1.0012583333333334,5.194,0.0,0.07809861111111112,0.322,232.1,241.67960416666668,248.4,1.4,4.253333333333334,22.0,0.0,0.0,0.0,397.0,397.0
2009-03-06,0.26,1.238523611111111,5.726,0.0,0.08955277777777777,0.602,234.04,240.79331249999998,247.77,1.2,5.2636111111111115,24.0,0.0,0.0,0.0,350.0,350.0
2009-03-07,0.254,1.1781013888888887,5.468,0.0,0.10407361111111112,0.674,234.7,242.47164583333333,249.5,1.2,4.935972222222222,23.0,0.0,0.0,0.0,299.0,299.0
2009-03-08,0.208,1.6369208333333334,7.854,0.0,0.1348513888888889,0.664,233.05,242.15979166666665,247.9,0.8,6.881805555555555,33.6,0.0,0.0,0.0,405.0,405.0
2009-03-09,0.22,1.170525,4.758,0.0,0.09447222222222222,0.53,235.85,242.48230555555557,248.84,1.0,4.904444444444445,19.6,0.0,43.0,0.0,275.0,318.0
2009-03-10,0.268,1.2751458333333334,5.542,0.0,0.07979305555555556,0.594,235.34,241.8284375,248.2,1.2,5.340694444444445,23.6,0.0,0.0,0.0,298.0,298.0
2009-03-11,0.22,1.6707666666666667,7.64,0.0,0.09530833333333333,0.69,233.31,241.8211736111111,247.15,1.0,7.027638888888888,32.4,0.0,31.0,92.0,942.0,1065.0
2009-03-12,0.214,1.3105972222222222,5.602,0.0,0.09359166666666666,0.552,234.37,241.9984236111111,249.95,0.8,5.457916666666667,23.6,0.0,10.0,0.0,250.0,260.0
2009-03-13,0.206,1.0038333333333334,5.656,0.0,0.09630833333333333,0.784,236.34,242.75730555555558,250.08,0.8,4.171388888888889,23.4,0.0,0.0,0.0,247.0,247.0
2009-03-14,0.212,1.4923805555555554,5.88,0.0,0.1078125,0.812,232.16,242.17880555555556,249.43,0.8,6.186111111111111,25.2,0.0,0.0,0.0,249.0,249.0
2009-03-15,0.214,1.3486541666666665,7.166,0.0,0.12343888888888889,0.696,232.97,241.77111111111114,246.54,0.8,5.69625,30.8,0.0,30.0,1073.0,563.0,1666.0
2009-03-16,0.214,0.9275413481584434,4.322,0.0,0.08287560806115357,0.482,234.8,242.41189020152885,248.13,0.8,3.8480889506601805,18.2,0.0,0.0,0.0,334.0,334.0
2009-03-17,0.21,1.3416041666666667,7.88,0.0,0.16318888888888888,0.872,233.02,241.95642361111112,248.71,0.8,5.649305555555555,33.2,0.0,0.0,0.0,278.0,278.0
2009-03-18,0.212,1.0074166666666666,5.724,0.0,0.08465694444444445,0.462,233.66,242.84061805555555,249.71,0.8,4.181111111111111,24.0,0.0,24.0,0.0,268.0,292.0
2009-03-19,0.214,0.8274527777777777,4.296,0.0,0.08084166666666667,0.362,235.07,242.7762777777778,248.89,0.8,3.4248611111111114,18.0,0.0,32.0,0.0,242.0,274.0
2009-03-20,0.214,1.016601388888889,6.028,0.0,0.09030416666666667,0.542,233.31,242.9164861111111,248.91,0.8,4.217777777777778,26.0,0.0,13.0,723.0,304.0,1040.0
2009-03-21,0.212,1.3402930555555554,7.502,0.0,0.1372611111111111,0.936,229.82,242.58272222222223,249.17,0.8,5.671805555555555,32.8,0.0,0.0,0.0,243.0,243.0
2009-03-22,0.218,1.1730347222222224,5.182,0.0,0.09047222222222222,0.374,234.81,241.52761111111113,247.75,1.0,4.950555555555556,22.0,0.0,30.0,0.0,345.0,375.0
2009-03-23,0.262,0.9003125000000001,5.12,0.0,0.08341805555555555,0.604,234.33,242.05365277777778,247.24,1.2,3.7894444444444444,21.8,0.0,31.0,0.0,401.0,432.0
2009-03-24,0.222,1.1539666666666666,5.848,0.0,0.10196944444444446,0.856,230.64,242.4840972222222,247.77,0.8,4.8943055555555555,25.8,0.0,5.0,0.0,306.0,311.0
2009-03-25,0.196,1.2769263888888889,6.584,0.0,0.1347472222222222,0.646,232.45,243.1130625,248.46,0.8,5.353055555555556,28.4,0.0,46.0,0.0,260.0,306.0
2009-03-26,0.21,0.8409749999999999,3.638,0.0,0.08315972222222222,0.67,235.56,242.93575694444445,247.41,0.8,3.5016666666666665,15.6,0.0,0.0,0.0,244.0,244.0
2009-03-27,0.264,1.1902263888888889,5.226,0.0,0.12574583333333333,0.85,235.63,242.62864583333334,248.38,1.2,5.015138888888889,22.2,0.0,25.0,0.0,344.0,369.0
2009-03-28,0.264,1.5701222222222222,6.856,0.0,0.19215277777777778,0.74,233.97,242.13561805555554,247.18,1.2,6.603333333333333,29.2,0.0,4.0,8.0,304.0,316.0
2009-03-29,0.214,1.5393402777777778,5.512,0.0,0.09520416666666666,0.552,233.41,242.54856944444444,249.79,0.8,6.418333333333333,23.0,364.0,7.0,0.0,1178.0,1549.0
2009-03-30,0.262,1.0260083333333334,4.554,0.0,0.09119722222222224,0.436,234.32,242.72852083333333,249.98,1.2,4.304722222222223,19.2,0.0,12.0,0.0,301.0,313.0
2009-03-31,0.216,1.2663069444444444,7.096,0.0,0.095825,0.578,232.77,242.16790277777778,249.07,0.8,5.309027777777778,30.4,0.0,0.0,0.0,310.0,310.0
2009-04-01,0.212,1.1396805555555556,4.232,0.0,0.0993388888888889,0.518,235.21,242.90603472222222,248.46,0.8,4.807916666666666,17.8,0.0,10.0,0.0,949.0,959.0
2009-04-02,0.264,1.1418986111111111,4.76,0.0,0.08664027777777777,0.538,234.38,242.2396388888889,247.99,1.2,4.761388888888889,20.2,0.0,3.0,0.0,317.0,320.0
2009-04-03,0.262,0.9467083333333334,5.736,0.0,0.09208194444444445,0.772,235.35,241.8118888888889,247.84,1.2,3.982916666666666,24.0,0.0,15.0,0.0,310.0,325.0
2009-04-04,0.296,1.5216888888888889,5.124,0.0,0.13870000000000002,0.832,235.14,241.45065277777778,247.12,1.2,6.396527777777778,21.6,0.0,32.0,0.0,320.0,352.0
2009-04-05,0.264,0.9553583333333333,6.502,0.0,0.12709166666666666,0.562,235.11,242.31370833333332,248.57,1.2,4.112083333333333,27.4,0.0,18.0,1046.0,356.0,1420.0
2009-04-06,0.268,1.0087736111111112,4.308,0.0,0.09134722222222222,0.62,230.3,242.30114583333335,248.49,1.2,4.225555555555555,18.4,0.0,3.0,0.0,337.0,340.0
2009-04-07,0.266,1.0000638888888889,5.762,0.0,0.10606388888888889,0.798,235.92,241.98941666666667,248.29,1.2,4.23125,24.4,0.0,1.0,392.0,312.0,705.0
2009-04-08,0.27,1.0656944444444443,5.318,0.0,0.11204861111111111,0.608,235.39,242.25972916666666,247.57,1.2,4.527916666666666,22.2,0.0,25.0,807.0,295.0,1127.0
2009-04-09,0.256,1.3128277777777777,6.308,0.0,0.12287222222222223,0.768,237.14,242.2968263888889,248.43,1.0,5.464583333333334,26.4,0.0,33.0,40.0,325.0,398.0
2009-04-10,0.254,1.2792458333333334,5.314,0.0,0.11513333333333334,0.808,235.54,242.0344861111111,246.87,1.0,5.329166666666667,22.2,0.0,34.0,93.0,279.0,406.0
2009-04-11,0.256,1.7100319444444443,6.968,0.0,0.17615694444444444,0.67,233.41,240.96925694444442,245.69,1.0,7.175277777777778,29.8,0.0,41.0,91.0,258.0,390.0
2009-04-12,0.258,1.486813888888889,7.972,0.0,0.1956041666666667,0.774,230.46,240.4032986111111,246.82,1.0,6.332777777777778,34.4,0.0,79.0,1117.0,266.0,1462.0
2009-04-13,0.314,1.1116995827538247,6.272,0.0,0.13869262865090404,0.564,232.35,241.13144645340753,246.43,1.4,4.737830319888734,27.0,0.0,13.0,48.0,335.0,396.0
2009-04-14,0.31,1.0427347222222223,6.254,0.0,0.13095833333333334,0.798,234.12,241.4923263888889,246.63,1.4,4.435,26.6,0.0,38.0,56.0,303.0,397.0
2009-04-15,0.306,0.8444875,4.718,0.0,0.13255972222222223,0.528,236.73,241.32070833333333,245.64,1.4,3.6109722222222222,19.8,0.0,11.0,40.0,419.0,470.0
2009-04-16,0.306,1.0864749999999999,6.188,0.0,0.12431666666666666,0.692,233.96,240.47604166666667,246.57,1.4,4.6241666666666665,26.0,0.0,35.0,72.0,336.0,443.0
2009-04-17,0.3,1.4186180555555554,7.454,0.0,0.11888750000000001,0.86,234.94,241.32772916666667,245.21,1.2,5.966944444444445,31.6,0.0,36.0,40.0,1343.0,1419.0
2009-04-18,0.29,1.0501847222222223,6.32,0.0,0.10205416666666667,0.47,233.72,241.04625,246.6,1.2,4.428055555555555,26.8,0.0,336.0,92.0,326.0,754.0
2009-04-19,0.244,0.8933805555555556,6.322,0.0,0.10666944444444446,0.58,235.31,242.6585347222222,247.45,1.0,3.7484722222222224,26.8,0.0,11.0,41.0,299.0,351.0
2009-04-20,0.256,1.0322986111111112,6.042,0.0,0.11770972222222223,0.51,235.34,241.90455555555556,247.72,1.0,4.333333333333333,25.4,0.0,10.0,88.0,288.0,386.0
2009-04-21,0.252,1.3156930555555555,6.72,0.0,0.12689722222222222,0.964,235.23,240.64846527777777,245.45,1.0,5.535277777777778,28.6,0.0,0.0,581.0,1060.0,1641.0
2009-04-22,0.26,1.0390263888888889,4.494,0.0,0.14160277777777777,0.734,235.74,241.27485416666664,246.48,1.0,4.372777777777778,19.0,0.0,12.0,91.0,334.0,437.0
2009-04-23,0.302,0.7926805555555556,5.716,0.0,0.12184305555555557,0.682,233.76,241.49463888888891,246.99,1.4,3.402222222222222,24.4,0.0,34.0,421.0,457.0,912.0
2009-04-24,0.312,0.8292,3.274,0.0,0.12556944444444443,0.84,236.2,241.7900833333333,245.94,1.4,3.529861111111111,13.6,0.0,10.0,95.0,310.0,415.0
2009-04-25,0.26,1.404363888888889,6.12,0.0,0.16360555555555556,1.012,232.71,240.50833333333333,245.65,1.0,5.936111111111111,26.0,0.0,0.0,96.0,272.0,368.0
2009-04-26,0.286,1.2372402777777778,7.016,0.0,0.15945694444444444,0.774,234.42,241.8649236111111,247.33,1.2,5.242083333333333,29.6,0.0,34.0,95.0,718.0,847.0
2009-04-27,0.302,0.9386305555555555,6.02,0.0,0.11139444444444443,0.69,235.92,241.0012291666667,246.07,1.4,4.004166666666666,25.4,0.0,0.0,91.0,299.0,390.0
2009-04-28,0.304,1.1849902777777777,6.134,0.0,0.11136527777777779,0.698,236.16,241.990125,247.72,1.4,5.059027777777778,26.0,0.0,0.0,40.0,1018.0,1058.0
2009-04-29,0.302,1.1560277777777779,5.594,0.0,0.09834444444444446,0.664,237.65,242.18654166666667,247.82,1.4,4.858472222222222,23.2,0.0,0.0,95.0,328.0,423.0
2009-04-30,0.302,1.2741402777777777,4.278,0.0,0.09587222222222223,0.628,236.46,241.90433333333334,247.78,1.4,5.323888888888889,18.0,0.0,7.0,41.0,496.0,544.0
2009-05-01,0.252,1.0505569444444445,4.738,0.0,0.13226527777777777,0.682,236.37,241.27309027777778,246.31,1.0,4.424166666666666,19.8,0.0,8.0,1113.0,256.0,1377.0
2009-05-02,0.252,0.9679930555555556,5.726,0.0,0.12473611111111112,0.5,234.12,241.8829027777778,247.39,1.0,4.077500000000001,24.4,0.0,33.0,60.0,251.0,344.0
2009-05-03,0.236,1.1172763888888888,7.856,0.0,0.12479027777777778,0.542,233.5,242.06633333333335,247.43,1.0,4.7619444444444445,33.6,0.0,23.0,91.0,236.0,350.0
2009-05-04,0.25,1.158251388888889,5.192,0.0,0.10142777777777778,0.48,236.13,241.43522916666666,247.36,1.0,4.841388888888889,22.2,0.0,20.0,40.0,874.0,934.0
2009-05-05,0.246,1.2024124999999999,4.288,0.0,0.09855138888888888,0.476,235.32,240.81849305555556,247.13,1.0,5.057222222222222,18.0,0.0,34.0,41.0,253.0,328.0
2009-05-06,0.256,0.9374319444444444,4.604,0.0,0.1016513888888889,0.588,235.58,240.8967152777778,247.81,1.0,3.969722222222222,19.4,0.0,35.0,93.0,305.0,433.0
2009-05-07,0.244,0.7032277777777778,4.288,0.0,0.09375555555555556,0.508,237.26,241.1735138888889,244.68,1.0,2.972777777777778,17.8,0.0,3.0,90.0,271.0,364.0
2009-05-08,0.25,1.2896916666666667,4.5,0.0,0.10755694444444444,0.438,234.84,240.82481249999998,246.96,1.0,5.417777777777778,19.0,0.0,35.0,41.0,233.0,309.0
2009-05-09,0.304,0.8759388888888889,4.682,0.0,0.12707222222222223,0.552,233.4,241.57422916666667,245.7,1.2,3.7644444444444445,19.6,0.0,10.0,94.0,298.0,402.0
2009-05-10,0.268,1.366610145934677,6.012,0.0,0.14238915913829048,0.594,231.9,241.0718763029882,245.84,1.0,5.843919388464211,26.2,0.0,28.0,656.0,349.0,1033.0
2009-05-11,0.25,1.0535944444444445,5.33,0.0,0.11002777777777778,0.63,234.07,240.25132638888888,246.57,1.0,4.4309722222222225,22.8,0.0,29.0,82.0,255.0,366.0
2009-05-12,0.314,1.1291361111111111,6.34,0.0,0.10418194444444444,0.468,233.87,240.3767777777778,244.98,1.4,4.768888888888889,26.8,0.0,28.0,93.0,317.0,438.0
2009-05-13,0.298,0.8655541666666666,5.408,0.0,0.11914305555555556,0.966,234.65,240.63597916666666,246.65,1.2,3.7073611111111116,23.0,0.0,77.0,90.0,313.0,480.0
2009-05-14,0.228,1.115961111111111,7.396,0.0,0.10549305555555555,0.928,232.5,240.05952083333335,247.37,1.0,4.805694444444445,31.8,0.0,28.0,576.0,246.0,850.0
2009-05-15,0.208,0.9876569444444445,5.256,0.0,0.09760138888888889,0.936,233.07,240.95720138888888,245.91,0.8,4.182777777777778,22.2,0.0,49.0,87.0,243.0,379.0
2009-05-16,0.144,1.3940124999999999,6.732,0.0,0.12951527777777777,0.552,229.93,239.98875694444445,245.27,0.6,5.885416666666667,29.2,0.0,35.0,41.0,225.0,301.0
2009-05-17,0.246,1.0720583333333333,6.54,0.0,0.1572638888888889,0.87,231.39,240.30072916666666,245.55,1.0,4.605416666666667,29.2,0.0,26.0,90.0,1075.0,1191.0
2009-05-18,0.234,0.8402124999999999,5.016,0.0,0.10733333333333334,0.59,234.89,240.9586736111111,244.73,1.0,3.518194444444444,21.6,0.0,0.0,88.0,240.0,328.0
2009-05-19,0.244,1.1231555555555557,5.458,0.0,0.13116944444444442,0.908,235.15,240.9929375,246.05,1.0,4.701527777777778,23.2,0.0,34.0,270.0,255.0,559.0
2009-05-20,0.248,0.907751388888889,5.39,0.0,0.12665416666666668,0.416,235.51,241.31970833333332,246.13,1.0,3.8394444444444447,23.0,0.0,86.0,91.0,419.0,596.0
2009-05-21,0.226,1.0938541666666668,5.744,0.0,0.14749722222222222,0.532,235.68,241.01910416666666,246.01,0.8,4.608472222222222,24.2,0.0,37.0,40.0,301.0,378.0
2009-05-22,0.23,0.7463930555555556,4.59,0.0,0.16475138888888888,0.848,237.42,241.9665347222222,247.46,1.0,3.200972222222222,19.4,0.0,91.0,556.0,257.0,904.0
2009-05-23,0.23,1.0629152777777777,4.284,0.0,0.13420138888888888,0.53,235.09,240.56841666666668,246.38,1.0,4.4944444444444445,18.2,0.0,8.0,97.0,239.0,344.0
2009-05-24,0.224,0.8942958333333334,5.078,0.0,0.12305555555555554,0.538,233.43,242.01796527777776,247.54,1.0,3.7705555555555557,21.6,0.0,14.0,619.0,651.0,1284.0
2009-05-25,0.22,0.9403444444444444,4.62,0.0,0.12719583333333334,0.68,230.83,238.4309027777778,246.96,0.8,4.001805555555555,19.4,0.0,22.0,100.0,236.0,358.0
2009-05-26,0.21,0.9308796102992345,4.084,0.0,0.08780236604036186,0.878,223.2,231.78053583855254,239.46,0.8,4.044676409185803,18.2,0.0,22.0,38.0,238.0,298.0
2009-05-27,0.228,1.072425,5.324,0.0,0.0867375,0.522,223.99,231.14297222222223,237.4,1.0,4.673472222222222,23.6,0.0,36.0,569.0,361.0,966.0
2009-05-28,0.208,0.8192611111111112,4.978,0.0,0.08943472222222222,0.524,224.93,233.70236111111112,245.69,0.8,3.512916666666667,21.6,0.0,35.0,38.0,335.0,408.0
2009-05-29,0.23,0.8630875,4.798,0.0,0.1021875,0.716,236.05,241.55870138888892,247.89,1.0,3.633472222222222,20.2,0.0,37.0,92.0,212.0,341.0
2009-05-30,0.238,1.1521569444444444,6.24,0.0,0.16228333333333333,0.566,234.13,241.1634097222222,246.6,1.0,4.9030555555555555,26.6,0.0,37.0,93.0,242.0,372.0
2009-05-31,0.136,0.6645069444444445,3.77,0.0,0.13931666666666667,0.472,235.14,241.45614583333332,245.54,0.6,2.8866666666666667,16.0,466.0,9.0,98.0,448.0,1021.0
2009-06-01,0.136,1.0022638888888888,5.322,0.0,0.15963611111111112,0.652,233.84,241.334125,245.61,0.6,4.31125,22.6,0.0,25.0,98.0,176.0,299.0
2009-06-02,0.206,0.7573875,2.992,0.0,0.15534444444444445,0.998,235.61,241.6302986111111,246.12,1.0,3.367777777777778,13.4,0.0,39.0,93.0,223.0,355.0
2009-06-03,0.206,0.9420680555555555,4.262,0.0,0.13953194444444444,0.654,232.7,240.40592361111112,245.39,0.8,4.076666666666666,18.6,0.0,0.0,66.0,205.0,271.0
2009-06-04,0.134,0.7192083333333333,4.892,0.0,0.11434861111111111,0.464,233.4,240.0102013888889,244.83,0.6,3.083472222222222,20.8,0.0,39.0,40.0,137.0,216.0
2009-06-05,0.19,0.8544166666666666,4.19,0.0,0.10899305555555555,0.674,233.84,239.86320833333335,245.17,0.8,3.65,18.0,0.0,36.0,145.0,270.0,451.0
2009-06-06,0.192,1.0246180555555555,6.282,0.0,0.16215000000000002,0.636,234.11,240.58184027777776,245.08,0.8,4.414305555555556,26.8,0.0,27.0,98.0,287.0,412.0
2009-06-07,0.164,0.8384666666666667,8.76,0.0,0.15203472222222222,0.894,232.52,241.01856249999997,245.51,0.6,3.628888888888889,37.6,0.0,15.0,97.0,701.0,813.0
2009-06-08,0.232,0.8185944444444445,5.106,0.0,0.08983333333333335,0.59,233.6,240.0647291666667,245.35,1.0,3.5420833333333337,21.6,0.0,5.0,40.0,246.0,291.0
2009-06-09,0.206,0.9255902777777777,4.96,0.0,0.10721944444444444,0.942,232.77,240.9235138888889,246.74,1.0,3.957777777777778,21.0,0.0,15.0,717.0,189.0,921.0
2009-06-10,0.208,1.1131916666666668,5.322,0.0,0.11056111111111111,0.4,235.58,240.7160833333333,246.86,1.0,4.733888888888889,22.4,0.0,12.0,40.0,233.0,285.0
2009-06-11,0.314,0.9032291666666667,4.732,0.0,0.11106388888888888,1.048,234.62,241.17605555555556,247.46,1.4,3.8533333333333335,20.0,0.0,0.0,45.0,347.0,392.0
2009-06-12,0.292,0.7650916666666666,4.524,0.0,0.10604444444444446,0.622,233.84,240.9373402777778,245.78,1.2,3.265972222222222,19.2,0.0,35.0,94.0,296.0,425.0
2009-06-13,0.254,0.4739333333333333,0.99,0.0,0.1306,0.23,240.34,243.85266666666666,246.54,1.0,2.006666666666667,4.2,0.0,5.0,79.0,141.0,225.0
2009-06-14,,,,,,,,,,,,,,,,,
2009-06-15,0.134,0.7836629441624365,3.744,0.0,0.1561705583756345,0.692,234.06,240.68143147208121,245.94,0.6,3.3833502538071065,15.8,0.0,0.0,0.0,0.0,0.0
2009-06-16,0.136,1.047772222222222,6.866,0.0,0.14735277777777778,0.838,234.55,240.83118055555556,245.8,0.6,4.484861111111111,29.4,0.0,0.0,40.0,149.0,189.0
2009-06-17,0.134,0.6861222222222222,5.432,0.0,0.13393055555555555,0.794,236.58,241.29550694444447,245.52,0.6,2.958888888888889,22.8,0.0,0.0,94.0,261.0,355.0
2009-06-18,0.134,0.8095138888888889,3.244,0.0,0.11524583333333334,0.666,234.53,241.2962222222222,246.17,0.6,3.4075,14.0,0.0,21.0,102.0,268.0,391.0
2009-06-19,0.134,0.7547680555555556,4.888,0.0,0.11406944444444443,0.828,235.13,241.31758333333335,246.15,0.6,3.208472222222222,20.8,0.0,41.0,101.0,225.0,367.0
2009-06-20,0.134,0.7688194444444444,5.5,0.0,0.12434444444444445,0.542,234.58,241.48458333333332,247.89,0.6,3.2494444444444444,23.2,0.0,32.0,749.0,540.0,1321.0
2009-06-21,0.146,0.5938486111111112,3.892,0.0,0.11217083333333334,0.56,236.43,241.28675694444445,245.25,0.6,2.5322222222222224,16.4,0.0,0.0,323.0,220.0,543.0
2009-06-22,0.134,0.7597902777777777,4.096,0.0,0.11258611111111111,0.52,234.8,241.20229166666667,247.24,0.6,3.2180555555555554,17.2,0.0,37.0,40.0,170.0,247.0
2009-06-23,0.134,0.7216763888888889,4.098,0.0,0.11380000000000001,0.812,233.09,241.21326388888886,244.88,0.6,3.0751388888888886,17.0,0.0,9.0,64.0,156.0,229.0
2009-06-24,0.138,1.0658847222222223,4.91,0.0,0.13494583333333335,0.508,233.96,240.53718055555555,246.66,0.6,4.516111111111111,20.8,0.0,0.0,40.0,156.0,196.0
2009-06-25,0.134,0.5356680555555555,4.558,0.0,0.12775416666666667,0.518,236.38,241.17795138888889,246.21,0.6,2.313888888888889,19.4,0.0,17.0,105.0,150.0,272.0
2009-06-26,0.136,0.8870291666666665,6.216,0.0,0.16587916666666666,0.832,234.96,240.54077083333334,245.33,0.6,3.8409722222222222,26.4,0.0,18.0,106.0,163.0,287.0
2009-06-27,0.152,1.1868416666666666,5.076,0.0,0.18862777777777778,0.69,236.68,241.81414583333333,246.77,0.6,5.028194444444445,21.8,215.0,0.0,537.0,1234.0,1986.0
2009-06-28,0.152,0.7356902777777777,3.592,0.0,0.19293333333333335,0.55,235.89,241.83843055555556,246.3,0.6,3.2090277777777776,15.2,0.0,18.0,102.0,172.0,292.0
2009-06-29,0.158,0.7014819444444444,4.76,0.0,0.16390694444444445,0.878,233.8,241.89382638888887,246.43,0.6,3.026388888888889,20.0,0.0,9.0,107.0,227.0,343.0
2009-06-30,0.14,0.8280875,5.222,0.0,0.19663194444444443,1.006,236.02,241.94360416666666,246.59,0.6,3.6422222222222222,22.0,0.0,46.0,103.0,321.0,470.0
2009-07-01,0.186,0.8460708333333334,3.644,0.0,0.18454305555555556,0.602,236.23,241.80929861111113,248.79,0.8,3.6469444444444448,15.2,0.0,0.0,111.0,240.0,351.0
2009-07-02,0.184,0.8629013888888889,5.174,0.0,0.1918875,0.63,236.48,241.96674305555555,247.77,0.8,3.7150000000000003,21.8,0.0,21.0,129.0,339.0,489.0
2009-07-03,0.134,0.6001027777777778,4.226,0.0,0.17083055555555557,0.93,234.45,241.92334722222222,246.9,0.6,2.6351388888888887,18.0,0.0,50.0,132.0,174.0,356.0
2009-07-04,0.136,0.8601166666666666,5.156,0.0,0.25965416666666663,0.71,233.74,241.14746527777777,245.74,0.6,3.8441666666666667,21.8,0.0,5.0,113.0,147.0,265.0
2009-07-05,0.204,0.9796777777777779,4.594,0.0,0.266075,0.702,235.48,241.4445763888889,245.99,1.0,4.310277777777778,19.2,130.0,45.0,112.0,1016.0,1303.0
2009-07-06,0.134,0.6626805555555555,5.13,0.0,0.18817499999999998,0.736,234.58,241.76347222222225,245.16,0.6,2.9018055555555557,21.6,0.0,61.0,113.0,141.0,315.0
2009-07-07,0.136,0.7709277777777778,5.398,0.0,0.17822083333333333,0.794,236.07,241.64100694444443,247.34,0.6,3.4037499999999996,23.4,430.0,51.0,112.0,165.0,758.0
2009-07-08,0.186,0.8572222222222223,5.928,0.0,0.15360833333333332,0.604,234.29,241.60375000000002,246.22,0.8,3.6909722222222223,25.2,0.0,87.0,100.0,206.0,393.0
2009-07-09,0.184,0.587675,5.484,0.0,0.13517500000000002,0.68,238.05,242.59112499999998,247.12,0.8,2.6118055555555557,23.6,0.0,38.0,97.0,196.0,331.0
2009-07-10,0.142,0.826683844011142,3.904,0.0,0.1512743732590529,0.938,234.55,242.2466643454039,246.09,0.6,3.5204735376044565,16.6,0.0,64.0,93.0,238.0,395.0
2009-07-11,0.128,0.6902555555555555,4.512,0.0,0.17324444444444445,0.72,236.06,242.21479166666666,247.01,0.4,3.018194444444444,18.8,0.0,74.0,40.0,191.0,305.0
2009-07-12,0.128,0.3565819444444444,2.122,0.0,0.13297222222222221,0.464,235.87,242.3049375,246.17,0.4,1.6009722222222222,9.0,0.0,48.0,573.0,133.0,754.0
2009-07-13,0.128,0.3449625,1.918,0.0,0.13647638888888888,0.526,237.94,242.5475138888889,246.11,0.6,1.5625,7.8,0.0,55.0,83.0,117.0,255.0
2009-07-14,0.128,0.6329374999999999,4.432,0.0,0.18512083333333335,0.734,236.69,242.2053888888889,245.91,0.4,2.8152777777777778,18.4,0.0,59.0,100.0,138.0,297.0
2009-07-15,0.122,0.49866249999999995,4.228,0.0,0.13173055555555557,0.452,236.28,241.92689583333333,245.46,0.4,2.1675,17.6,0.0,43.0,40.0,140.0,223.0
2009-07-16,0.142,0.41635694444444443,2.362,0.0,0.1800875,0.468,237.34,242.11697916666668,245.6,0.6,1.876111111111111,9.8,0.0,88.0,99.0,131.0,318.0
2009-07-17,0.138,0.5082,2.062,0.0,0.12439861111111113,0.69,237.18,241.59461805555554,245.9,0.6,2.1952777777777777,8.6,0.0,64.0,67.0,134.0,265.0
2009-07-18,0.138,0.6711180555555555,2.63,0.0,0.1516236111111111,0.59,236.44,242.00627777777777,246.2,0.6,2.884861111111111,11.0,0.0,48.0,96.0,144.0,288.0
2009-07-19,0.122,0.8358638888888889,3.492,0.0,0.18003472222222222,1.218,235.87,242.04660416666667,245.95,0.4,3.5258333333333334,14.6,0.0,38.0,94.0,1684.0,1816.0
2009-07-20,0.128,0.4600597222222222,4.632,0.0,0.15129444444444445,0.422,236.81,241.84186111111114,247.03,0.6,2.0479166666666666,19.4,0.0,55.0,40.0,125.0,220.0
2009-07-21,0.146,0.5651125,2.178,0.0,0.18520833333333334,0.712,237.56,242.522875,247.34,0.6,2.5005555555555556,9.8,0.0,79.0,820.0,125.0,1024.0
2009-07-22,0.146,0.5135638888888889,2.46,0.0,0.1656111111111111,0.584,237.93,242.07941666666665,248.7,0.6,2.2625,10.8,0.0,34.0,98.0,141.0,273.0
2009-07-23,0.128,0.7152777777777778,3.988,0.0,0.15202083333333333,0.38,237.29,241.94331944444446,247.14,0.6,3.0527777777777776,16.6,0.0,0.0,71.0,810.0,881.0
2009-07-24,0.128,0.39009583333333336,2.294,0.0,0.14481666666666668,0.824,236.87,241.7508263888889,247.5,0.6,1.756527777777778,10.2,0.0,61.0,98.0,187.0,346.0
2009-07-25,0.13,0.3727,2.18,0.0,0.1357361111111111,0.496,237.94,242.09706944444446,245.38,0.6,1.6822222222222223,9.0,0.0,27.0,94.0,118.0,239.0
2009-07-26,0.142,0.3770944444444444,2.512,0.0,0.16652638888888888,0.546,237.66,242.65740277777775,247.14,0.6,1.7173611111111111,10.4,0.0,2.0,93.0,148.0,243.0
2009-07-27,0.23,0.4781708333333334,2.51,0.11,0.2235763888888889,0.458,236.57,242.52809027777778,246.57,1.0,2.1820833333333334,10.4,0.0,87.0,99.0,143.0,329.0
2009-07-28,0.158,0.6269791666666666,5.34,0.0,0.17553194444444445,0.924,234.09,242.22140972222223,246.89,0.6,2.7680555555555557,22.6,0.0,86.0,40.0,140.0,266.0
2009-07-29,0.138,0.6263888888888889,3.98,0.0,0.1287972222222222,0.38,234.89,241.50047222222221,246.69,0.6,2.711388888888889,16.8,0.0,99.0,101.0,136.0,336.0
2009-07-30,0.138,0.5502263888888889,2.898,0.0,0.13764305555555556,0.432,237.06,242.4390138888889,245.51,0.6,2.4106944444444447,12.2,0.0,0.0,97.0,141.0,238.0
2009-07-31,0.136,0.6776597222222223,5.468,0.0,0.15850416666666667,0.946,233.19,241.87106250000002,246.36,0.6,3.002222222222222,23.2,0.0,68.0,40.0,589.0,697.0
2009-08-01,0.136,0.4909486111111111,2.14,0.0,0.16851527777777778,0.53,235.97,241.50300694444445,245.69,0.6,2.207361111111111,9.0,0.0,28.0,102.0,142.0,272.0
2009-08-02,0.132,0.3400861111111111,2.056,0.0,0.14270277777777776,0.506,237.07,240.94159722222224,246.96,0.6,1.5684722222222223,8.6,0.0,50.0,102.0,132.0,284.0
2009-08-03,0.134,0.3474291666666667,1.972,0.0,0.1370138888888889,0.51,237.78,241.92006944444447,245.13,0.6,1.5655555555555556,8.2,0.0,38.0,40.0,130.0,208.0
2009-08-04,0.132,0.3533972222222222,1.914,0.0,0.136375,0.42,236.81,242.27648611111113,245.71,0.6,1.6094444444444445,7.8,0.0,24.0,84.0,128.0,236.0
2009-08-05,0.134,0.360175,2.104,0.0,0.14437083333333334,0.388,238.6,242.30757638888886,245.5,0.6,1.6444444444444444,8.8,0.0,12.0,99.0,136.0,247.0
2009-08-06,0.134,0.36991111111111113,1.988,0.0,0.14915694444444444,0.52,237.1,241.22875000000002,245.42,0.6,1.677361111111111,8.2,0.0,14.0,103.0,127.0,244.0
2009-08-07,0.134,0.37451111111111113,2.018,0.0,0.1536736111111111,0.438,236.59,241.3577986111111,245.28,0.6,1.6958333333333333,8.4,0.0,0.0,105.0,138.0,243.0
2009-08-08,0.136,0.3656055555555555,2.012,0.0,0.14865833333333334,0.448,237.88,241.72709722222223,245.73,0.6,1.6597222222222223,8.4,0.0,0.0,105.0,140.0,245.0
2009-08-09,0.136,0.6932180555555556,5.446,0.0,0.19744861111111112,0.654,235.61,242.04941666666664,246.04,0.6,3.057222222222222,22.8,0.0,0.0,104.0,137.0,241.0
2009-08-10,0.152,0.7426097222222222,5.344,0.0,0.20711666666666667,0.71,235.51,241.02849999999998,244.45,0.6,3.277083333333333,22.6,0.0,21.0,105.0,184.0,310.0
2009-08-11,0.154,0.6603847222222222,5.06,0.0,0.21350694444444443,0.772,234.74,241.84149305555556,245.98,0.6,2.94875,21.6,0.0,94.0,111.0,169.0,374.0
2009-08-12,0.152,0.5725250000000001,3.648,0.0,0.18927222222222223,0.598,235.87,241.80827777777776,244.87,0.6,2.5543055555555556,15.4,0.0,34.0,84.0,143.0,261.0
2009-08-13,0.154,1.10535883424408,6.818,0.0,0.206896174863388,0.68,233.9,240.94590163934424,244.34,0.6,4.782149362477232,29.0,0.0,0.0,106.0,163.0,269.0
2009-08-14,0.154,0.5199138888888889,3.422,0.0,0.1675888888888889,0.498,236.74,241.1795763888889,244.65,0.6,2.2831944444444447,14.4,429.0,109.0,107.0,161.0,806.0
2009-08-15,0.15,1.0514319444444444,5.516,0.0,0.26719583333333335,0.75,233.4,240.8963472222222,246.05,0.6,4.605833333333333,23.6,0.0,11.0,105.0,163.0,279.0
2009-08-16,0.154,0.8456333333333333,4.448,0.0,0.2840638888888889,0.768,235.12,240.52084722222224,245.05,0.6,3.7944444444444443,18.8,0.0,50.0,111.0,1393.0,1554.0
2009-08-17,0.144,0.5457694444444444,3.232,0.0,0.17462638888888887,0.62,235.84,241.22044444444444,245.02,0.6,2.4170833333333333,14.0,1.0,47.0,109.0,166.0,323.0
2009-08-18,0.146,0.7504152777777777,5.698,0.0,0.1713361111111111,0.798,235.1,240.8264861111111,245.57,0.6,3.2581944444444444,24.2,0.0,42.0,108.0,351.0,501.0
2009-08-19,0.142,0.6116263888888889,4.73,0.0,0.1826347222222222,0.71,234.91,241.54156944444443,245.36,0.6,2.7259722222222225,20.0,0.0,58.0,121.0,265.0,444.0
2009-08-20,0.138,0.5386958333333334,2.41,0.0,0.1811736111111111,0.49,237.21,241.08561805555553,245.37,0.6,2.4233333333333333,10.2,0.0,61.0,106.0,368.0,535.0
2009-08-21,0.14,0.8067680555555556,5.912,0.0,0.18219583333333336,0.634,234.33,240.61175694444444,244.58,0.6,3.5033333333333334,25.0,0.0,0.0,110.0,275.0,385.0
2009-08-22,0.14,1.0755125,7.696,0.0,0.2901625,0.918,234.68,241.1232361111111,244.99,0.6,4.760694444444444,33.0,360.0,40.0,140.0,231.0,771.0
2009-08-23,0.14,0.7407694444444445,4.554,0.0,0.25821388888888885,0.894,233.23,241.55547222222222,245.76,0.6,3.330416666666667,19.4,0.0,71.0,100.0,248.0,419.0
2009-08-24,0.148,0.8696208333333333,4.81,0.0,0.19798888888888888,0.64,236.12,241.06553472222222,245.06,0.6,3.7718055555555554,20.4,0.0,0.0,160.0,163.0,323.0
2009-08-25,0.154,0.6552847222222222,4.518,0.0,0.1922402777777778,0.618,234.81,241.50986111111112,245.47,0.6,2.889166666666666,19.0,0.0,72.0,98.0,285.0,455.0
2009-08-26,0.15,0.7892680555555556,7.056,0.0,0.18695416666666667,0.708,235.53,241.77745833333333,246.79,0.6,3.4327777777777775,29.8,0.0,60.0,99.0,190.0,349.0
2009-08-27,0.15,0.5204625,2.676,0.0,0.1744486111111111,0.75,236.67,241.638125,246.3,0.6,2.317638888888889,11.6,0.0,5.0,102.0,258.0,365.0
2009-08-28,0.14,0.7769736111111112,4.25,0.0,0.1714513888888889,0.58,235.61,240.8744375,246.16,0.6,3.3722222222222222,18.0,0.0,74.0,102.0,439.0,615.0
2009-08-29,0.142,0.9641763888888889,4.75,0.0,0.2191111111111111,0.764,235.01,240.97532638888887,245.03,0.6,4.183472222222222,20.2,0.0,0.0,96.0,162.0,258.0
2009-08-30,0.192,1.1585708333333333,6.93,0.0,0.204225,0.842,234.36,241.08125694444445,246.11,0.8,4.980277777777778,29.6,0.0,10.0,93.0,458.0,561.0
2009-08-31,0.18,0.8788347222222221,4.784,0.0,0.15230416666666668,0.528,228.29,238.7429027777778,245.41,0.8,3.822361111111111,20.2,0.0,43.0,97.0,253.0,393.0
2009-09-01,0.186,0.6809277777777777,3.414,0.0,0.15074444444444446,0.66,235.87,241.22110416666666,248.15,0.8,2.9940277777777777,14.4,0.0,28.0,98.0,233.0,359.0
2009-09-02,0.188,0.8491763888888889,4.358,0.0,0.14434583333333334,0.502,235.21,241.81777083333336,247.51,0.8,3.6381944444444443,18.6,0.0,42.0,99.0,225.0,366.0
2009-09-03,0.182,0.8688805555555557,4.45,0.0,0.14822083333333333,0.544,235.04,241.33006944444443,247.4,0.8,3.762083333333333,19.0,0.0,47.0,94.0,257.0,398.0
2009-09-04,0.186,0.7113805555555555,3.678,0.0,0.12573888888888887,0.57,236.12,242.01287499999998,247.68,0.8,3.05625,15.4,0.0,40.0,92.0,194.0,326.0
2009-09-05,0.186,1.0512958333333333,5.862,0.0,0.1875472222222222,0.84,232.29,240.86027777777778,246.04,0.8,4.530833333333333,25.2,0.0,0.0,42.0,196.0,238.0
2009-09-06,0.136,0.8532152777777778,4.412,0.0,0.15314722222222224,0.602,235.87,241.86031944444443,248.2,0.6,3.665138888888889,18.4,0.0,45.0,83.0,254.0,382.0
2009-09-07,0.132,0.8482347222222223,6.746,0.0,0.139925,0.67,234.64,241.71161805555553,246.7,0.6,3.6395833333333334,29.0,0.0,13.0,84.0,131.0,228.0
2009-09-08,0.134,0.7543430555555555,4.792,0.0,0.13903055555555557,0.66,234.8,241.35160416666668,245.26,0.6,3.2243055555555555,20.0,0.0,0.0,225.0,150.0,375.0
2009-09-09,0.134,1.056488888888889,4.854,0.0,0.15525833333333333,0.53,234.46,241.30850694444445,246.7,0.6,4.49125,20.2,0.0,37.0,87.0,216.0,340.0
2009-09-10,0.132,0.7724680555555555,5.39,0.0,0.14055,0.71,235.8,241.2289513888889,248.38,0.6,3.3091666666666666,22.8,0.0,23.0,90.0,143.0,256.0
2009-09-11,0.132,0.8431569444444444,3.764,0.0,0.12734583333333335,0.49,235.34,241.14999305555554,246.56,0.6,3.565555555555555,16.0,0.0,55.0,422.0,173.0,650.0
2009-09-12,0.132,1.4335819444444446,5.758,0.0,0.22583055555555556,0.804,234.31,240.70704861111113,246.61,0.6,6.1425,24.4,0.0,0.0,90.0,135.0,225.0
2009-09-13,0.13,1.0912453092425294,5.894,0.0,0.18845865184155663,0.882,232.69,240.24999305072967,246.22,0.6,4.688116747741487,24.8,12.0,56.0,92.0,199.0,359.0
2009-09-14,0.186,1.0936513888888888,7.344,0.0,0.16643472222222222,0.84,233.74,241.47695833333333,247.44,0.8,4.6575,31.6,0.0,28.0,337.0,254.0,619.0
2009-09-15,0.182,1.0116708333333333,6.06,0.0,0.12796944444444444,0.686,232.96,240.99238194444447,245.38,0.8,4.285,25.8,0.0,0.0,600.0,199.0,799.0
2009-09-16,0.182,1.2105291666666667,5.696,0.0,0.1373236111111111,0.536,232.48,240.23129166666666,245.47,0.8,5.1497222222222225,24.0,0.0,0.0,82.0,240.0,322.0
2009-09-17,0.182,0.8496013888888888,3.308,0.0,0.11616805555555557,0.586,236.15,241.3606527777778,247.04,0.8,3.610833333333334,13.8,0.0,0.0,103.0,202.0,305.0
2009-09-18,0.136,0.9541888888888889,6.83,0.0,0.11750833333333333,0.606,234.62,241.09920138888887,246.71,0.6,4.038611111111111,29.0,0.0,0.0,83.0,202.0,285.0
2009-09-19,0.154,1.4831319444444444,7.826,0.0,0.18298055555555556,0.756,233.26,240.35401388888891,246.04,0.6,6.259444444444445,33.4,0.0,58.0,85.0,193.0,336.0
2009-09-20,0.136,1.4134222222222221,6.754,0.0,0.20534305555555557,0.644,235.46,241.29544444444446,245.99,0.6,6.024027777777778,28.8,21.0,40.0,86.0,2031.0,2178.0
2009-09-21,0.184,0.9846305555555556,5.59,0.0,0.1487263888888889,0.534,234.82,241.2526875,247.17,0.8,4.20125,23.4,0.0,0.0,207.0,215.0,422.0
2009-09-22,0.182,0.86565,4.648,0.0,0.14392777777777777,0.552,235.44,241.18202777777776,246.38,0.8,3.6991666666666667,19.6,0.0,8.0,90.0,191.0,289.0
2009-09-23,0.132,1.1365347222222222,5.574,0.0,0.1638638888888889,0.726,235.04,240.74660416666666,246.51,0.6,4.824722222222222,23.6,0.0,33.0,95.0,214.0,342.0
2009-09-24,0.128,0.9904569444444444,5.794,0.0,0.15560833333333332,0.634,235.32,240.38723611111112,245.06,0.6,4.234999999999999,24.6,0.0,44.0,91.0,146.0,281.0
2009-09-25,0.13,0.8062611111111112,3.08,0.0,0.14437222222222224,0.704,235.42,241.42292361111112,247.32,0.6,3.4836111111111108,12.8,0.0,0.0,91.0,139.0,230.0
2009-09-26,0.134,1.0807319444444443,3.818,0.0,0.20002916666666665,0.654,235.91,241.17850694444445,246.85,0.6,4.585277777777778,16.0,0.0,0.0,87.0,379.0,466.0
2009-09-27,0.128,0.9794944444444444,5.604,0.0,0.16005833333333333,0.642,234.15,241.22180555555556,247.03,0.4,4.200555555555556,24.0,0.0,30.0,88.0,186.0,304.0
2009-09-28,0.122,0.9024,3.806,0.0,0.13416527777777779,0.484,234.21,241.72634027777778,247.5,0.4,3.795416666666666,16.0,0.0,62.0,283.0,165.0,510.0
2009-09-29,0.122,0.7961097222222222,4.814,0.0,0.13880416666666667,0.568,234.01,240.8973472222222,248.03,0.4,3.3938888888888887,20.4,0.0,46.0,89.0,131.0,266.0
2009-09-30,0.124,1.232778859527121,4.702,0.0,0.14761891515994438,0.554,233.88,240.75700278164118,247.04,0.4,5.232545201668985,19.8,0.0,33.0,83.0,137.0,253.0
2009-10-01,0.124,0.893925,5.406,0.0,0.1287611111111111,0.512,233.97,241.52952083333335,247.72,0.4,3.7866666666666666,22.8,0.0,62.0,88.0,132.0,282.0
2009-10-02,0.122,0.8004638888888889,3.7,0.0,0.12719166666666668,0.594,234.23,240.75888194444443,247.87,0.4,3.386111111111111,15.6,0.0,61.0,87.0,138.0,286.0
2009-10-03,0.154,1.1921805555555556,5.594,0.0,0.17735833333333334,0.68,234.92,240.63635416666665,246.04,0.6,5.050416666666667,24.0,0.0,44.0,83.0,158.0,285.0
2009-10-04,0.124,1.1257680555555556,6.332,0.0,0.15639583333333335,0.932,231.54,240.6988611111111,246.04,0.6,4.815138888888889,27.0,0.0,3.0,81.0,452.0,536.0
2009-10-05,0.214,0.8857791666666667,4.084,0.0,0.11218055555555555,0.524,235.38,241.22052083333332,246.12,0.8,3.698611111111111,17.4,0.0,3.0,84.0,222.0,309.0
2009-10-06,0.22,0.9919777777777778,5.036,0.0,0.12449722222222223,0.588,233.74,241.18004861111112,246.15,0.8,4.170972222222222,21.6,1.0,0.0,79.0,267.0,347.0
2009-10-07,0.244,1.2651625,6.284,0.0,0.14404305555555555,0.584,232.75,241.2119583333333,247.83,1.0,5.339027777777778,26.8,0.0,37.0,87.0,254.0,378.0
2009-10-08,0.218,1.0952541666666666,5.026,0.0,0.12959305555555556,0.482,232.56,241.06977777777777,245.63,0.8,4.583888888888889,21.2,0.0,10.0,92.0,233.0,335.0
2009-10-09,0.218,0.9387930555555556,3.404,0.0,0.13084583333333333,0.492,234.55,240.81015277777777,245.88,0.8,3.953611111111111,14.6,0.0,22.0,88.0,227.0,337.0
2009-10-10,0.228,1.3977472222222223,6.658,0.0,0.17751527777777779,0.698,229.81,239.76139583333332,244.72,1.0,5.927222222222222,28.6,0.0,38.0,88.0,216.0,342.0
2009-10-11,0.226,1.3469659485753998,6.492,0.0,0.1866671299513551,0.842,232.74,240.64904794996525,244.86,0.8,5.746907574704656,27.6,0.0,0.0,83.0,270.0,353.0
2009-10-12,0.212,0.938613888888889,3.756,0.0,0.10952361111111111,0.474,232.36,240.22382638888888,246.0,0.8,3.968611111111111,15.8,0.0,0.0,90.0,257.0,347.0
2009-10-13,0.216,1.0063194444444443,4.736,0.0,0.11485555555555556,0.88,232.84,240.24728472222225,246.38,0.8,4.249722222222222,20.0,0.0,46.0,81.0,208.0,335.0
2009-10-14,0.212,1.18835,5.246,0.0,0.12159027777777778,0.644,232.17,239.7594652777778,247.24,0.8,5.004583333333334,22.4,0.0,10.0,299.0,212.0,521.0
2009-10-15,0.218,1.0347055555555555,5.266,0.0,0.09696666666666667,0.57,230.84,241.12213194444445,245.93,0.8,4.324305555555555,22.8,0.0,16.0,83.0,228.0,327.0
2009-10-16,0.22,1.053375,5.082,0.0,0.10096111111111113,0.78,232.46,240.24599999999998,245.7,0.8,4.415138888888889,21.4,0.0,32.0,89.0,244.0,365.0
2009-10-17,0.222,1.9042222222222223,8.126,0.0,0.18135555555555555,0.792,230.31,238.8905625,245.73,0.8,8.045555555555556,34.8,0.0,9.0,40.0,206.0,255.0
2009-10-18,0.222,1.0806694444444445,4.58,0.0,0.09905833333333333,0.39,233.67,240.7508402777778,246.43,1.0,4.500555555555556,19.6,0.0,0.0,1121.0,414.0,1535.0
2009-10-19,0.218,0.9507694444444444,4.67,0.0,0.09330416666666667,0.518,235.95,242.26024305555555,247.79,0.8,3.9530555555555553,19.6,0.0,20.0,41.0,243.0,304.0
2009-10-20,0.23,1.1963944444444445,5.124,0.0,0.10524861111111111,0.866,231.11,242.52750694444444,247.64,1.0,4.975,21.6,0.0,0.0,40.0,246.0,286.0
2009-10-21,0.224,1.3677125,5.17,0.0,0.13345138888888888,0.736,236.16,242.30701388888886,248.27,1.0,5.713333333333334,21.8,0.0,7.0,64.0,230.0,301.0
2009-10-22,0.23,0.9720208333333333,5.146,0.0,0.10822916666666667,0.61,234.16,242.4139583333333,247.99,1.0,4.042361111111111,21.6,0.0,0.0,76.0,216.0,292.0
2009-10-23,0.226,1.2204513888888888,8.708,0.0,0.1366,1.156,234.87,241.09628472222224,246.92,1.0,5.144861111111111,37.0,0.0,0.0,73.0,225.0,298.0
2009-10-24,0.232,1.815561111111111,5.752,0.0,0.1517111111111111,1.24,229.52,239.8931875,245.98,1.0,7.658472222222223,24.8,0.0,49.0,75.0,226.0,350.0
2009-10-25,0.224,1.6712055555555556,6.586,0.0,0.16887638888888887,0.988,231.56,239.92554861111108,247.21,1.0,7.070277777777778,28.0,0.0,41.0,82.0,1929.0,2052.0
2009-10-26,0.226,0.7724611111111112,3.848,0.0,0.11126111111111112,0.522,234.82,241.53043055555557,247.09,0.8,3.2391666666666663,16.6,0.0,9.0,40.0,260.0,309.0
2009-10-27,0.212,0.775525,5.014,0.0,0.12069305555555555,0.71,235.16,241.2427638888889,246.52,0.8,3.27,21.2,77.0,44.0,39.0,203.0,363.0
2009-10-28,0.218,0.8810472222222223,5.218,0.0,0.1145638888888889,0.664,233.77,241.40815277777776,245.93,0.8,3.6894444444444447,22.4,0.0,47.0,87.0,217.0,351.0
2009-10-29,0.218,1.3760000000000001,6.032,0.0,0.1748902777777778,0.654,231.83,240.3468611111111,246.54,0.8,5.853333333333333,25.4,0.0,34.0,89.0,295.0,418.0
2009-10-30,0.22,1.0370541666666666,5.978,0.0,0.11703749999999999,0.834,236.02,241.48033333333333,246.25,0.8,4.352083333333334,25.2,249.0,0.0,40.0,331.0,620.0
2009-10-31,0.216,1.3027375,6.064,0.0,0.11879027777777777,0.746,234.06,240.51906250000002,245.96,0.8,5.452638888888889,25.8,0.0,39.0,91.0,213.0,343.0
2009-11-01,0.218,1.2799777777777777,5.216,0.0,0.1540986111111111,0.994,231.59,240.92416666666665,247.65,0.8,5.388333333333334,21.6,0.0,45.0,58.0,225.0,328.0
2009-11-02,0.226,1.0446013888888888,4.366,0.0,0.1181125,0.516,234.69,241.28460416666667,246.68,1.0,4.4006944444444445,18.4,0.0,49.0,1133.0,224.0,1406.0
2009-11-03,0.212,1.5740888888888889,6.938,0.0,0.1678902777777778,0.774,231.08,241.14193055555555,248.63,0.8,6.631805555555555,29.4,0.0,25.0,256.0,207.0,488.0
2009-11-04,0.24,1.25125,5.97,0.0,0.11974166666666666,0.522,233.01,242.07813194444446,248.61,1.0,5.230833333333333,25.2,0.0,0.0,89.0,267.0,356.0
2009-11-05,0.214,1.0836569444444444,5.268,0.0,0.11046111111111111,0.552,233.04,241.6652777777778,247.9,0.8,4.538611111111111,22.4,0.0,60.0,39.0,232.0,331.0
2009-11-06,0.218,0.9655902777777778,4.19,0.0,0.11760694444444446,0.974,235.09,242.56815972222225,247.71,0.8,4.030972222222222,17.8,0.0,0.0,90.0,220.0,310.0
2009-11-07,0.22,1.0813722222222222,4.318,0.0,0.13727777777777778,0.616,232.15,241.87858333333332,248.65,0.8,4.510416666666667,18.2,0.0,0.0,52.0,208.0,260.0
2009-11-08,0.22,1.7416680555555555,6.23,0.0,0.1574222222222222,0.792,234.7,243.25039583333333,249.06,0.8,7.242777777777778,26.4,0.0,44.0,40.0,357.0,441.0
2009-11-09,0.23,0.9762001389854065,5.818,0.0,0.1236094510076442,0.672,235.02,243.5773592772759,249.58,1.0,4.093954134815844,24.4,0.0,10.0,374.0,246.0,630.0
2009-11-10,0.232,1.1154055555555555,5.452,0.0,0.11618194444444443,0.64,235.46,242.50097916666664,250.13,1.0,4.648194444444444,23.2,0.0,39.0,534.0,219.0,792.0
2009-11-11,0.254,1.417,6.91,0.0,0.15490833333333334,0.676,228.66,242.37135416666666,248.45,1.0,5.974722222222223,29.8,0.0,0.0,89.0,258.0,347.0
2009-11-12,0.224,1.0160180555555556,5.83,0.0,0.10638750000000001,0.532,228.58,242.2066736111111,248.62,0.8,4.253333333333334,24.8,0.0,14.0,40.0,299.0,353.0
2009-11-13,0.222,1.0645319444444443,4.838,0.0,0.10898055555555555,0.508,233.72,241.23570833333332,246.01,0.8,4.456388888888889,20.4,0.0,10.0,40.0,224.0,274.0
2009-11-14,0.224,1.7780944444444446,6.038,0.0,0.17072777777777778,0.908,233.38,240.22240277777777,244.67,0.8,7.4534722222222225,25.6,0.0,46.0,92.0,208.0,346.0
2009-11-15,0.218,1.366186111111111,8.726,0.0,0.14663055555555554,0.698,225.81,240.32536805555557,246.91,0.8,5.778472222222222,38.4,0.0,59.0,925.0,1161.0,2145.0
2009-11-16,0.216,1.0517138888888888,7.116,0.0,0.1091625,0.604,232.99,241.884875,248.89,0.8,4.403194444444445,30.6,0.0,64.0,40.0,220.0,324.0
2009-11-17,0.222,1.186315277777778,4.04,0.0,0.11640833333333335,0.66,234.14,242.66059722222224,249.08,0.8,4.913472222222222,17.0,0.0,46.0,40.0,283.0,369.0
2009-11-18,0.218,1.8327597222222223,8.432,0.0,0.14158333333333334,0.692,233.23,241.29666666666668,247.29,0.8,7.685833333333334,35.6,0.0,42.0,88.0,220.0,350.0
2009-11-19,0.226,1.0242,3.968,0.0,0.10350972222222223,0.466,236.76,242.97506944444442,248.27,0.8,4.251111111111111,16.8,0.0,50.0,586.0,230.0,866.0
2009-11-20,0.22,1.3618166666666667,6.408,0.0,0.10140694444444445,0.5,233.29,241.58236805555555,248.55,0.8,5.692222222222222,27.2,0.0,5.0,88.0,249.0,342.0
2009-11-21,0.22,1.733927777777778,8.018,0.0,0.1467388888888889,0.634,230.48,240.62086805555555,247.22,0.8,7.281111111111111,34.6,0.0,3.0,91.0,462.0,556.0
2009-11-22,0.224,1.7020666666666668,7.84,0.0,0.15460972222222222,0.68,232.26,241.0777013888889,247.5,0.8,7.193194444444445,33.4,765.0,3.0,1087.0,907.0,2762.0
2009-11-23,0.224,1.0216125,4.764,0.0,0.10301249999999999,0.706,234.64,242.7427152777778,248.22,0.8,4.236666666666666,20.0,0.0,0.0,40.0,240.0,280.0
2009-11-24,0.228,1.4783722222222224,9.732,0.0,0.10681944444444444,0.554,231.37,241.9765277777778,248.17,0.8,6.179861111111111,42.0,0.0,0.0,88.0,344.0,432.0
2009-11-25,0.232,1.3750902777777778,5.69,0.0,0.12185833333333333,0.676,233.82,241.17878472222222,248.61,0.8,5.770277777777778,24.0,0.0,19.0,92.0,234.0,345.0
2009-11-26,0.226,1.110851388888889,5.964,0.0,0.09829305555555555,0.598,234.15,242.6434652777778,247.87,0.8,4.61125,25.4,0.0,40.0,176.0,211.0,427.0
2009-11-27,0.216,0.9583513888888889,3.038,0.0,0.09239722222222221,0.576,236.32,241.85881944444446,248.94,0.8,3.9611111111111112,13.0,0.0,36.0,39.0,248.0,323.0
2009-11-28,0.216,1.2909375,5.834,0.0,0.15640138888888888,0.79,234.5,241.5964513888889,246.68,0.8,5.4061111111111115,25.0,0.0,3.0,40.0,193.0,236.0
2009-11-29,0.226,1.1465013888888889,6.436,0.0,0.13267777777777778,0.638,236.34,243.30872222222223,249.22,0.8,4.776666666666666,26.8,0.0,11.0,88.0,455.0,554.0
2009-11-30,0.29,1.2119375000000001,4.854,0.0,0.10651527777777778,0.494,235.69,243.76430555555555,249.26,1.2,5.022361111111111,20.4,0.0,0.0,40.0,450.0,490.0
2009-12-01,0.28,1.2197069444444444,4.088,0.0,0.0985236111111111,0.546,231.6,242.63315277777778,247.87,1.2,5.078333333333333,17.0,0.0,13.0,40.0,309.0,362.0
2009-12-02,0.23,1.6289361111111111,6.044,0.0,0.11821527777777777,0.968,233.68,241.6693125,249.42,1.0,6.819722222222222,25.6,0.0,24.0,39.0,727.0,790.0
2009-12-03,0.284,1.0275611111111111,5.486,0.0,0.10084861111111111,0.52,233.86,243.28409722222221,252.72,1.2,4.293333333333333,23.0,0.0,9.0,91.0,460.0,560.0
2009-12-04,0.284,1.1883986111111111,4.63,0.0,0.1272375,0.67,237.15,243.38570138888886,249.86,1.2,4.985138888888889,19.8,0.0,14.0,39.0,302.0,355.0
2009-12-05,0.26,1.6331680555555557,6.01,0.0,0.19035555555555558,0.788,230.58,241.29875694444445,248.65,1.0,6.922499999999999,25.2,0.0,21.0,39.0,301.0,361.0
2009-12-06,0.268,1.651588888888889,8.494,0.0,0.2027027777777778,0.906,232.98,241.26927083333334,247.7,1.0,6.983333333333333,36.2,0.0,33.0,1156.0,977.0,2166.0
2009-12-07,0.236,1.2101652777777778,5.038,0.0,0.11464444444444444,0.636,235.82,242.54359722222225,249.84,1.0,5.065833333333334,21.2,0.0,0.0,90.0,259.0,349.0
2009-12-08,0.24,1.3936694444444444,6.022,0.0,0.12443888888888889,0.632,234.68,243.73107638888888,251.36,1.0,5.790277777777778,25.6,0.0,15.0,329.0,274.0,618.0
2009-12-09,0.24,1.2516361111111112,5.09,0.0,0.1302736111111111,0.612,235.11,242.40731944444443,247.91,1.0,5.2498611111111115,21.6,0.0,35.0,86.0,247.0,368.0
2009-12-10,0.244,1.4285716272600835,5.662,0.0,0.1551627260083449,0.656,233.43,241.78199582753825,247.8,1.0,5.968984700973574,23.6,0.0,0.0,40.0,232.0,272.0
2009-12-11,0.236,1.2392097222222223,5.6,0.0,0.15251666666666666,0.972,237.19,244.29111805555556,249.93,1.0,5.130833333333333,23.6,0.0,34.0,40.0,260.0,334.0
2009-12-12,0.234,1.2613750000000001,6.788,0.0,0.17272916666666666,0.87,235.71,244.9389513888889,251.05,1.0,5.2612499999999995,28.0,0.0,0.0,41.0,270.0,311.0
2009-12-13,0.238,1.4852874999999999,4.6,0.0,0.15429861111111112,0.666,236.73,244.4975972222222,251.73,1.0,6.164861111111111,19.2,0.0,34.0,511.0,243.0,788.0
2009-12-14,0.238,1.2464319444444445,6.974,0.0,0.10554305555555556,0.62,237.37,246.1488125,252.54,1.0,5.122222222222222,29.4,0.0,42.0,42.0,233.0,317.0
2009-12-15,0.246,1.3473027777777777,5.132,0.0,0.11273888888888889,0.668,238.12,246.04318055555555,253.36,1.0,5.514583333333333,21.0,0.0,22.0,42.0,345.0,409.0
2009-12-16,0.242,0.9686625,4.884,0.0,0.10724305555555556,0.474,238.78,247.21586805555555,252.96,1.0,3.993333333333333,20.8,0.0,0.0,42.0,232.0,274.0
2009-12-17,0.24,1.1924875,4.24,0.0,0.10345138888888888,0.464,238.68,246.89413194444444,253.75,1.0,4.84125,17.6,0.0,0.0,41.0,259.0,300.0
2009-12-18,0.242,1.2116013888888888,4.936,0.0,0.1114013888888889,0.518,236.16,246.5948541666667,252.49,1.0,4.968333333333333,20.6,0.0,22.0,41.0,233.0,296.0
2009-12-19,0.194,1.5307875,5.698,0.0,0.09556111111111111,0.75,238.58,245.93454166666666,252.14,0.8,6.242916666666666,23.6,0.0,0.0,42.0,980.0,1022.0
2009-12-20,0.204,0.7945597222222222,5.688,0.0,0.08479166666666667,0.482,240.1,247.43500694444444,254.15,0.8,3.2444444444444445,23.6,0.0,9.0,0.0,302.0,311.0
2009-12-21,0.2,1.4131708333333333,7.2,0.0,0.11940833333333334,0.668,236.77,246.4092152777778,253.27,0.8,5.778333333333332,29.8,0.0,0.0,0.0,247.0,247.0
2009-12-22,0.214,1.3111263888888889,4.636,0.0,0.10650138888888888,0.602,238.88,245.73843749999997,252.62,0.8,5.365694444444444,19.2,0.0,0.0,0.0,379.0,379.0
2009-12-23,0.194,1.0105555555555557,5.276,0.0,0.09403888888888888,0.446,240.86,246.87896527777778,253.42,0.8,4.121388888888889,21.8,0.0,0.0,1107.0,218.0,1325.0
2009-12-24,0.2,2.0179819444444442,7.57,0.0,0.14143055555555556,0.66,235.13,245.83511805555557,252.61,0.8,8.29361111111111,30.8,0.0,0.0,0.0,227.0,227.0
2009-12-25,0.244,1.4775333333333334,5.878,0.0,0.1336,0.506,236.78,243.58829861111113,248.52,1.0,6.127638888888888,24.4,0.0,9.0,1115.0,506.0,1630.0
2009-12-26,0.24,1.5164013888888888,6.446,0.0,0.111725,0.538,234.81,242.46571527777778,248.53,1.0,6.30638888888889,27.4,0.0,45.0,1147.0,243.0,1435.0
2009-12-27,0.242,1.5246194444444443,6.464,0.0,0.1438638888888889,0.696,232.63,242.66604166666664,248.46,1.0,6.364722222222222,27.8,0.0,50.0,1140.0,282.0,1472.0
2009-12-28,0.266,1.4542347222222223,4.952,0.0,0.12615833333333334,0.598,235.9,243.77761111111113,249.99,1.0,6.033333333333333,21.0,0.0,45.0,88.0,278.0,411.0
2009-12-29,0.25,1.4222000000000001,5.216,0.0,0.1680902777777778,1.186,235.25,243.18301388888887,248.31,1.0,5.912638888888889,21.4,0.0,0.0,40.0,266.0,306.0
2009-12-30,0.248,1.7021597222222222,7.84,0.0,0.1852736111111111,0.732,233.24,241.05222916666668,247.84,1.0,7.168472222222222,33.6,0.0,16.0,41.0,275.0,332.0
2009-12-31,0.242,1.536036111111111,4.69,0.0,0.12959166666666666,0.548,233.42,240.95881944444446,246.83,1.0,6.401666666666666,19.6,0.0,0.0,39.0,264.0,303.0
2010-01-01,0.322,0.850175,4.976,0.0,0.11481666666666668,0.42,235.45,242.56572222222223,248.81,1.2,3.537083333333333,20.6,0.0,0.0,511.0,548.0,1059.0
2010-01-02,0.248,0.9095455177206393,6.236,0.0,0.13857956914523975,0.796,235.61,244.67717859624742,250.35,1.0,3.813759555246699,26.6,0.0,33.0,872.0,251.0,1156.0
2010-01-03,0.272,1.4468430555555556,6.382,0.0,0.1330625,0.714,234.33,243.74452777777776,250.76,1.2,6.044166666666667,26.6,0.0,42.0,40.0,290.0,372.0
2010-01-04,0.298,1.1139805555555555,4.56,0.0,0.10861388888888888,0.668,238.22,245.69911805555554,252.97,1.2,4.599444444444444,19.0,0.0,19.0,41.0,330.0,390.0
2010-01-05,0.252,1.541513888888889,5.544,0.0,0.10342777777777779,0.784,234.23,244.5210347222222,250.64,1.0,6.347083333333333,23.2,0.0,13.0,41.0,301.0,355.0
2010-01-06,0.242,1.2341527777777779,5.304,0.0,0.10561111111111111,0.718,237.81,245.2348125,251.56,1.0,5.112083333333333,22.0,548.0,0.0,41.0,233.0,822.0
2010-01-07,0.24,1.2287791666666668,4.908,0.0,0.07987777777777778,0.438,236.83,244.90856250000002,250.75,1.0,5.069722222222222,20.6,0.0,0.0,40.0,264.0,304.0
2010-01-08,0.242,1.248061111111111,5.454,0.0,0.11095833333333334,0.684,238.68,244.4048125,252.7,1.0,5.151388888888889,22.4,0.0,32.0,40.0,246.0,318.0
2010-01-09,0.246,1.6228472222222223,8.154,0.0,0.13847222222222222,0.746,234.89,243.8697361111111,250.24,1.0,6.733472222222223,34.6,0.0,9.0,42.0,255.0,306.0
2010-01-10,0.238,1.7419902777777776,7.35,0.0,0.15775694444444446,0.862,236.13,243.84061805555555,250.54,1.0,7.226388888888889,31.2,0.0,10.0,1157.0,410.0,1577.0
2010-01-11,0.246,1.0546416666666667,5.36,0.0,0.10847638888888889,0.504,236.45,246.0691111111111,252.63,1.0,4.335138888888889,22.0,0.0,0.0,42.0,241.0,283.0
2010-01-12,0.246,1.4362127659574468,6.46,0.0,0.1481791713325868,0.672,237.21,244.25122060470324,249.51,1.0,5.976259798432251,27.0,0.0,0.0,41.0,236.0,277.0
2010-01-13,,,,,,,,,,,,,,,,,
2010-01-14,0.24,2.0754630872483224,5.886,0.0,0.2357785234899329,0.598,238.08,243.58436241610738,247.67,1.0,8.68255033557047,24.4,0.0,0.0,0.0,0.0,0.0
2010-01-15,0.238,1.525527777777778,9.098,0.0,0.15159027777777778,0.734,235.61,243.72576388888888,250.74,1.0,6.335,38.6,0.0,0.0,40.0,238.0,278.0
2010-01-16,0.244,1.4931333333333334,6.634,0.0,0.1684152777777778,0.85,236.71,243.0452361111111,249.43,1.0,6.219722222222222,28.0,0.0,54.0,41.0,234.0,329.0
2010-01-17,0.244,1.3239972222222223,5.12,0.0,0.13124027777777778,0.63,232.54,242.54300694444444,250.45,1.0,5.521527777777778,21.6,0.0,42.0,557.0,282.0,881.0
2010-01-18,0.24,1.3063180555555556,4.906,0.0,0.133175,0.522,233.74,243.63636805555555,250.35,1.0,5.4215277777777775,20.8,0.0,32.0,1130.0,250.0,1412.0
2010-01-19,0.244,1.689936111111111,6.674,0.0,0.11232916666666666,0.822,234.91,243.02311111111112,249.25,1.0,7.004583333333334,28.2,0.0,20.0,40.0,417.0,477.0
2010-01-20,0.26,1.6331444444444445,6.01,0.0,0.13879166666666667,0.626,234.96,242.76043750000002,248.73,1.0,6.810694444444445,25.8,0.0,78.0,41.0,229.0,348.0
2010-01-21,0.238,1.484622222222222,5.348,0.0,0.12876388888888887,0.84,234.23,242.95125,249.72,1.0,6.161944444444445,22.6,0.0,68.0,40.0,236.0,344.0
2010-01-22,0.236,1.2434902777777777,5.228,0.0,0.10892916666666667,0.636,234.56,241.8501736111111,249.0,1.0,5.183194444444444,22.0,0.0,0.0,1151.0,481.0,1632.0
2010-01-23,0.234,1.8127241139680335,7.042,0.0,0.18092842251563584,0.626,231.39,240.82836692147325,250.76,1.0,7.665323141070187,30.0,425.0,0.0,39.0,213.0,677.0
2010-01-24,0.258,1.575986111111111,9.122,0.0,0.12169305555555555,0.532,229.06,241.74617361111112,249.33,1.0,6.605138888888889,39.4,0.0,57.0,905.0,280.0,1242.0
2010-01-25,0.256,1.3406319444444443,6.048,0.0,0.1025513888888889,0.53,234.52,242.8986111111111,250.8,1.0,5.55,25.4,0.0,0.0,78.0,262.0,340.0
2010-01-26,0.256,1.4358083333333331,4.666,0.0,0.09092361111111112,0.534,236.12,243.33947916666665,251.31,1.0,5.903472222222222,19.2,526.0,0.0,1117.0,403.0,2046.0
2010-01-27,0.27,1.9172930555555556,7.078,0.0,0.10330694444444445,0.702,232.47,241.98610416666665,248.31,1.0,7.990138888888889,30.0,0.0,4.0,1131.0,329.0,1464.0
2010-01-28,0.264,1.4654402777777777,5.166,0.0,0.11008333333333334,0.512,234.7,243.2490347222222,249.57,1.0,6.0633333333333335,21.8,0.0,10.0,1132.0,357.0,1499.0
2010-01-29,0.234,1.4534652777777777,5.964,0.0,0.1025513888888889,0.654,235.24,243.63280555555554,250.61,1.0,5.978611111111111,25.2,0.0,0.0,1160.0,281.0,1441.0
2010-01-30,0.238,1.9741166666666667,8.006,0.0,0.16388611111111112,0.612,229.66,242.07939583333334,248.66,1.0,8.307222222222222,34.2,0.0,1.0,287.0,311.0,599.0
2010-01-31,0.24,1.2494416666666666,4.89,0.0,0.11910833333333333,0.736,235.3,243.40263888888887,250.42,1.0,5.202222222222222,20.4,0.0,10.0,40.0,272.0,322.0
2010-02-01,0.226,1.1762347222222223,4.3,0.0,0.08665555555555556,0.358,234.55,243.63174305555557,251.21,0.8,4.857777777777778,18.0,0.0,0.0,41.0,241.0,282.0
2010-02-02,0.228,1.4982166666666665,5.124,0.0,0.0910888888888889,0.612,234.28,243.33281944444445,249.3,0.8,6.148333333333333,21.8,0.0,0.0,1140.0,312.0,1452.0
2010-02-03,0.252,2.0159819444444445,7.388,0.0,0.1275638888888889,0.56,229.47,242.3880763888889,250.13,1.0,8.37,31.8,0.0,0.0,1127.0,445.0,1572.0
2010-02-04,0.25,1.6085208333333334,6.124,0.0,0.09850555555555557,0.458,232.95,242.10079166666668,248.09,1.0,6.643888888888889,26.2,0.0,9.0,1109.0,252.0,1370.0
2010-02-05,0.238,1.4575638888888887,4.482,0.0,0.09929027777777778,0.622,232.58,241.94126388888887,248.93,1.0,6.075416666666667,19.0,0.0,0.0,1123.0,554.0,1677.0
2010-02-06,0.24,1.8840180555555555,7.416,0.0,0.20598194444444443,0.856,232.49,241.09206944444446,246.35,1.0,7.933194444444444,31.6,278.0,0.0,665.0,238.0,1181.0
2010-02-07,0.248,1.1289638888888889,6.0,0.0,0.11282361111111111,0.546,231.49,242.68447222222224,251.03,1.0,4.726805555555556,26.6,422.0,0.0,40.0,563.0,1025.0
2010-02-08,0.244,1.7932208333333333,5.154,0.0,0.09704861111111111,0.66,234.97,241.99677777777777,248.58,1.0,7.4075,21.6,0.0,11.0,40.0,241.0,292.0
2010-02-09,0.288,1.6812027777777776,5.348,0.0,0.09702222222222222,0.694,235.52,243.1503680555556,251.47,1.2,6.920138888888889,22.6,0.0,0.0,1129.0,338.0,1467.0
2010-02-10,0.242,1.3513148019457957,4.846,0.0,0.09841695621959695,0.508,233.6,242.45006254343295,249.26,1.0,5.608756080611536,20.6,0.0,42.0,1111.0,358.0,1511.0
2010-02-11,0.246,0.9512277777777778,3.54,0.0,0.08621527777777778,0.472,237.55,244.51238194444446,250.64,1.0,3.9073611111111113,15.2,0.0,0.0,41.0,237.0,278.0
2010-02-12,0.246,1.3145819444444444,5.396,0.0,0.09186250000000001,0.634,235.9,243.62629166666665,249.62,1.0,5.408055555555555,22.6,0.0,0.0,42.0,257.0,299.0
2010-02-13,0.244,1.633025,8.724,0.0,0.1005513888888889,0.582,234.43,242.88909027777777,249.54,1.0,6.744027777777777,37.6,0.0,0.0,42.0,261.0,303.0
2010-02-14,0.238,1.1721320361362058,5.37,0.0,0.0865948575399583,0.538,230.11,243.1435302293259,249.61,1.0,4.830715774843641,23.0,0.0,0.0,1149.0,409.0,1558.0
2010-02-15,0.242,1.4563416666666666,6.174,0.0,0.09115972222222223,0.564,232.7,243.44677777777775,251.55,1.0,6.042361111111111,25.8,0.0,0.0,299.0,248.0,547.0
2010-02-16,0.33,1.2484416666666667,6.014,0.0,0.08305972222222222,0.644,235.07,243.75376388888887,250.85,1.4,5.148333333333333,26.0,0.0,0.0,41.0,302.0,343.0
2010-02-17,0.268,1.4267777777777777,7.33,0.0,0.08302777777777778,0.49,232.8,242.34681944444444,251.76,1.2,5.94125,30.8,0.0,29.0,40.0,322.0,391.0
2010-02-18,0.246,1.223025,5.154,0.0,0.09722222222222222,0.56,234.77,243.58819444444444,250.76,1.0,5.038194444444445,21.8,0.0,73.0,40.0,228.0,341.0
2010-02-19,0.252,1.3566472222222221,5.544,0.0,0.09385416666666667,0.584,234.27,241.70740277777776,248.42,1.0,5.654166666666667,23.6,0.0,33.0,39.0,244.0,316.0
2010-02-20,0.252,1.377588888888889,5.288,0.0,0.10503333333333333,0.644,234.2,241.78896527777778,248.13,1.0,5.745555555555556,22.4,0.0,2.0,1113.0,273.0,1388.0
2010-02-21,0.27,1.9029958333333332,8.38,0.0,0.11629027777777777,0.658,230.6,240.625375,247.4,1.2,8.038333333333334,35.8,0.0,0.0,40.0,246.0,286.0
2010-02-22,0.238,1.0236361111111112,6.084,0.0,0.11154444444444445,0.648,230.25,240.57949305555553,247.69,1.0,4.315,25.8,0.0,111.0,1141.0,433.0,1685.0
2010-02-23,0.24,1.0147777777777778,6.758,0.0,0.11670694444444443,0.618,231.57,241.98468055555557,247.53,1.0,4.254583333333334,29.2,0.0,0.0,76.0,244.0,320.0
2010-02-24,0.252,1.3293597222222222,6.512,0.0,0.10425555555555556,0.554,232.58,241.4657986111111,247.22,1.0,5.523055555555556,28.0,0.0,9.0,40.0,252.0,301.0
2010-02-25,0.242,1.3056972222222223,3.836,0.0,0.09088750000000001,0.48,232.08,240.98316666666668,247.16,1.0,5.405833333333333,16.0,0.0,0.0,74.0,581.0,655.0
2010-02-26,0.244,1.4723305555555555,5.188,0.0,0.09674305555555555,0.582,232.23,240.42563194444443,247.02,1.0,6.139305555555556,21.6,0.0,72.0,77.0,458.0,607.0
2010-02-27,0.242,1.2257333333333333,4.752,0.0,0.1058263888888889,0.552,235.65,241.54445833333335,247.4,1.0,5.150833333333333,20.8,0.0,0.0,515.0,248.0,763.0
2010-02-28,0.236,0.49421250000000005,1.712,0.0,0.09310277777777778,0.446,235.63,242.56746527777779,247.98,1.0,2.06125,7.0,0.0,28.0,75.0,438.0,541.0
2010-03-01,0.238,0.9018944444444444,4.682,0.0,0.09033055555555555,0.482,236.43,241.82277777777776,246.48,1.0,3.7577777777777777,20.2,0.0,71.0,40.0,227.0,338.0
2010-03-02,0.246,0.5325736111111111,2.978,0.0,0.09471944444444444,0.566,235.07,241.75205555555556,247.69,1.0,2.2255555555555557,12.6,0.0,0.0,39.0,419.0,458.0
2010-03-03,0.258,0.6498847222222222,2.128,0.0,0.08398194444444444,0.35,234.94,241.2114375,245.51,1.0,2.7330555555555556,9.0,0.0,48.0,74.0,621.0,743.0
2010-03-04,0.262,0.4742222222222222,1.586,0.0,0.08746805555555555,0.436,235.52,242.9922916666667,248.19,1.2,2.0072222222222225,6.4,0.0,0.0,39.0,275.0,314.0
2010-03-05,0.248,0.7873097222222223,4.464,0.0,0.09403888888888888,0.476,235.67,243.4863125,249.24,1.0,3.26625,18.4,0.0,17.0,40.0,417.0,474.0
2010-03-06,0.242,0.5518833333333333,2.662,0.0,0.09691527777777777,0.44,237.38,243.03125694444446,249.11,1.0,2.3066666666666666,11.2,0.0,1.0,39.0,398.0,438.0
2010-03-07,0.238,0.9531055555555555,7.14,0.0,0.09301944444444445,0.526,233.37,243.55174305555556,249.4,1.0,3.966666666666667,30.8,0.0,0.0,41.0,431.0,472.0
2010-03-08,0.264,1.7757625,7.08,0.0,0.17523472222222222,0.884,234.36,243.77458333333334,250.23,1.0,7.424444444444445,30.2,0.0,72.0,175.0,431.0,678.0
2010-03-09,0.264,1.2223000000000002,4.216,0.0,0.11672083333333333,0.692,235.4,243.52749999999997,249.66,1.0,5.080694444444444,17.8,0.0,10.0,41.0,299.0,350.0
2010-03-10,0.266,1.2657166666666666,4.38,0.0,0.09048472222222223,0.43,236.43,243.56579166666666,249.69,1.0,5.196944444444445,18.4,0.0,55.0,756.0,300.0,1111.0
2010-03-11,0.236,1.3549236111111111,5.704,0.0,0.105825,0.714,235.14,242.68144444444445,249.74,1.0,5.639444444444445,24.0,0.0,0.0,428.0,262.0,690.0
2010-03-12,0.244,1.1426555555555555,6.226,0.0,0.10327083333333334,0.492,234.01,243.0135347222222,248.65,1.0,4.722222222222222,27.4,0.0,48.0,1049.0,270.0,1367.0
2010-03-13,0.242,1.6548680555555555,6.21,0.0,0.1842791666666667,0.848,235.34,241.99693750000003,247.98,1.0,6.905,25.6,0.0,0.0,73.0,244.0,317.0
2010-03-14,0.244,1.0879958333333333,6.154,0.0,0.13932777777777777,0.634,236.48,241.9863125,247.7,1.0,4.594861111111111,25.8,0.0,14.0,1124.0,350.0,1488.0
2010-03-15,0.248,1.2443402777777777,5.578,0.0,0.11410555555555556,0.514,234.26,242.29575,248.7,1.0,5.178333333333334,23.6,0.0,75.0,73.0,254.0,402.0
2010-03-16,0.236,1.0712847222222224,3.45,0.0,0.11648333333333333,0.524,231.61,241.5400763888889,246.28,1.0,4.460972222222223,14.4,0.0,0.0,39.0,244.0,283.0
2010-03-17,0.244,1.3952291666666665,5.504,0.0,0.12899166666666667,0.842,234.33,241.64133333333334,246.61,1.0,5.8277777777777775,23.2,0.0,0.0,40.0,274.0,314.0
2010-03-18,0.24,1.0851958333333334,5.28,0.0,0.11542638888888888,0.516,231.79,241.5022638888889,247.75,1.0,4.547361111111111,22.4,0.0,69.0,40.0,232.0,341.0
2010-03-19,0.238,1.1551277777777778,4.292,0.0,0.13158194444444446,0.564,235.61,241.42446527777776,246.17,1.0,4.8059722222222225,18.2,0.0,0.0,40.0,406.0,446.0
2010-03-20,0.238,0.5678103448275862,2.036,0.0,0.10012068965517242,0.424,238.06,242.46926724137933,245.22,1.0,2.3689655172413793,8.6,0.0,13.0,689.0,394.0,1096.0
2010-03-21,0.276,1.4771046698872787,5.502,0.0,0.13988727858293076,0.712,234.32,240.42360708534622,244.78,1.2,6.266022544283413,23.4,0.0,0.0,0.0,0.0,0.0
2010-03-22,0.236,1.1240208333333332,3.69,0.0,0.11913611111111112,0.588,230.93,241.35879166666666,247.31,1.0,4.687083333333333,15.6,0.0,9.0,76.0,457.0,542.0
2010-03-23,0.238,1.265390277777778,5.308,0.0,0.12960694444444446,0.552,234.28,241.1662986111111,246.29,1.0,5.370416666666666,22.2,0.0,0.0,75.0,240.0,315.0
2010-03-24,0.238,1.3852444444444445,5.888,0.0,0.14552638888888889,0.576,234.16,240.72467361111114,245.08,1.0,5.801944444444444,24.8,0.0,0.0,39.0,241.0,280.0
2010-03-25,0.232,1.166586111111111,4.3,0.0,0.12969305555555558,0.594,236.94,242.26515277777779,247.34,1.0,4.843194444444444,18.2,0.0,0.0,78.0,341.0,419.0
2010-03-26,0.236,1.146725,4.052,0.0,0.14297361111111112,0.566,235.45,241.50402777777776,247.72,1.0,4.79875,17.0,0.0,36.0,40.0,230.0,306.0
2010-03-27,0.238,1.2833125,6.896,0.0,0.13548055555555558,0.528,231.87,240.41256944444442,246.56,1.0,5.393472222222223,29.6,0.0,11.0,39.0,420.0,470.0
2010-03-28,0.234,1.2487597222222222,6.152,0.0,0.18085277777777778,0.764,231.33,241.37355555555555,246.89,1.0,5.323888888888889,25.8,0.0,10.0,75.0,909.0,994.0
2010-03-29,0.242,1.126901388888889,4.196,0.0,0.14380694444444445,0.56,234.34,241.52158333333335,247.34,1.0,4.726388888888889,18.2,0.0,0.0,66.0,272.0,338.0
2010-03-30,0.35,1.3239263888888888,4.878,0.0,0.19494305555555558,0.634,233.17,241.08461805555555,246.85,1.4,5.636527777777778,20.8,0.0,19.0,75.0,364.0,458.0
2010-03-31,0.23,1.3359736111111111,5.848,0.0,0.13998472222222222,0.58,228.58,240.1941736111111,246.95,0.8,5.662916666666667,24.8,0.0,68.0,75.0,299.0,442.0
2010-04-01,0.236,1.1718333333333333,5.066,0.0,0.10032222222222222,0.618,232.83,241.75415972222223,247.53,1.0,4.879027777777778,21.6,0.0,31.0,40.0,267.0,338.0
2010-04-02,0.226,1.1448763888888889,4.398,0.0,0.10618472222222222,0.922,235.19,242.77352083333332,248.66,1.0,4.733472222222222,18.0,0.0,0.0,469.0,227.0,696.0
2010-04-03,0.232,1.2536652777777777,4.446,0.0,0.14350694444444445,0.66,236.55,243.24993055555558,247.86,0.8,5.170972222222222,18.4,0.0,36.0,435.0,255.0,726.0
2010-04-04,0.232,1.1738805555555556,4.372,0.0,0.16595555555555555,1.108,233.58,241.74743055555555,247.93,0.8,4.925694444444445,18.8,0.0,0.0,43.0,486.0,529.0
2010-04-05,0.222,0.7769583333333333,7.15,0.0,0.11487499999999999,0.664,235.9,243.6551458333333,250.18,0.8,3.26875,30.4,0.0,70.0,39.0,224.0,333.0
2010-04-06,0.232,1.267952777777778,5.604,0.0,0.11848194444444445,1.034,235.26,242.74411111111112,247.89,1.0,5.258888888888889,23.6,0.0,5.0,40.0,227.0,272.0
2010-04-07,0.23,1.1090152777777778,4.65,0.0,0.12814305555555555,0.694,235.04,241.83122916666665,246.34,1.0,4.645416666666667,19.4,0.0,0.0,40.0,267.0,307.0
2010-04-08,0.25,1.1452916666666666,6.57,0.0,0.11468194444444445,0.552,234.8,241.99483333333333,246.67,1.0,4.759027777777778,28.2,0.0,33.0,77.0,260.0,370.0
2010-04-09,0.232,0.8564930555555554,4.254,0.0,0.11283472222222223,0.834,235.56,242.58288194444444,248.71,1.0,3.570555555555556,18.0,0.0,0.0,40.0,253.0,293.0
2010-04-10,0.228,0.8265333333333333,5.532,0.0,0.12466666666666668,0.73,235.31,241.28286111111112,246.49,1.0,3.48625,23.4,0.0,33.0,40.0,316.0,389.0
2010-04-11,0.226,1.1138359972202918,8.32,0.0,0.12161779013203615,0.616,231.66,241.4922724113968,247.2,1.0,4.735927727588603,36.2,0.0,69.0,745.0,470.0,1284.0
2010-04-12,0.226,0.9996013888888888,3.708,0.0,0.10953472222222221,0.506,234.92,242.00644444444447,246.88,0.8,4.164305555555556,15.4,0.0,53.0,76.0,232.0,361.0
2010-04-13,0.228,1.0504888888888888,3.772,0.0,0.11884722222222222,0.92,234.14,241.735125,248.36,1.0,4.392222222222222,16.0,0.0,0.0,741.0,225.0,966.0
2010-04-14,0.23,1.1530305555555556,5.34,0.0,0.12444305555555556,0.604,235.06,241.3756111111111,246.36,1.0,4.8469444444444445,22.4,0.0,0.0,78.0,255.0,333.0
2010-04-15,0.228,1.3001236111111112,5.544,0.0,0.11620555555555556,0.442,235.55,240.8521875,247.51,1.0,5.425416666666667,23.4,0.0,68.0,79.0,218.0,365.0
2010-04-16,0.244,1.0847652777777776,5.11,0.0,0.11831944444444444,0.938,234.74,241.99183333333332,246.26,1.0,4.550694444444445,21.6,0.0,0.0,78.0,285.0,363.0
2010-04-17,0.246,1.0817444444444444,5.92,0.0,0.10407083333333333,0.51,235.96,241.30517361111112,247.26,1.0,4.548055555555555,24.8,0.0,0.0,79.0,285.0,364.0
2010-04-18,0.246,1.0250736111111112,4.29,0.0,0.10293888888888889,0.42,233.75,240.68122916666664,245.2,1.0,4.280833333333333,18.2,0.0,55.0,57.0,541.0,653.0
2010-04-19,0.242,1.186523611111111,5.84,0.0,0.11555833333333333,0.748,235.81,241.25981944444445,246.55,1.0,4.962916666666667,24.6,0.0,0.0,80.0,267.0,347.0
2010-04-20,0.242,1.2733527777777778,4.484,0.0,0.12215416666666666,0.738,234.52,240.77724999999998,245.56,1.0,5.33125,18.8,0.0,14.0,774.0,250.0,1038.0
2010-04-21,0.252,1.0971625,2.73,0.0,0.11000416666666667,0.454,236.56,241.93004166666668,246.58,1.0,4.556111111111111,11.2,0.0,57.0,321.0,550.0,928.0
2010-04-22,0.236,1.0145166666666667,3.824,0.0,0.12961805555555556,0.666,234.6,240.74602083333335,245.22,1.0,4.2659722222222225,16.0,0.0,0.0,82.0,538.0,620.0
2010-04-23,0.234,0.8198166666666667,4.758,0.0,0.12303055555555555,0.978,237.18,241.61291666666665,245.17,1.0,3.435277777777778,20.0,0.0,47.0,81.0,244.0,372.0
2010-04-24,0.24,1.0544569444444443,4.34,0.0,0.21308194444444445,1.082,233.86,241.51611805555558,247.0,1.0,4.585416666666666,18.8,0.0,0.0,39.0,241.0,280.0
2010-04-25,0.25,1.071348611111111,4.356,0.0,0.16596527777777778,0.632,232.7,240.66157638888888,246.19,1.0,4.521527777777778,18.4,0.0,69.0,82.0,1456.0,1607.0
2010-04-26,0.24,0.751886111111111,3.706,0.0,0.11556944444444443,0.65,236.75,241.23138194444445,245.78,1.0,3.169166666666667,15.4,0.0,50.0,82.0,256.0,388.0
2010-04-27,0.238,0.8687083333333334,3.76,0.0,0.11269444444444444,0.938,236.92,242.07596527777778,246.52,1.0,3.6158333333333337,16.0,0.0,62.0,79.0,740.0,881.0
2010-04-28,0.234,0.6026791666666667,3.692,0.0,0.1268638888888889,0.464,237.46,242.51982638888887,246.19,1.0,2.551111111111111,15.4,0.0,72.0,81.0,232.0,385.0
2010-04-29,0.236,0.7664749999999999,4.368,0.0,0.12063472222222223,0.5,236.79,242.2791736111111,246.88,1.0,3.1961111111111107,18.4,0.0,45.0,772.0,697.0,1514.0
2010-04-30,0.234,0.776825,4.32,0.0,0.14471805555555556,1.124,236.7,241.81767361111113,246.4,1.0,3.3229166666666665,18.6,0.0,70.0,83.0,235.0,388.0
2010-05-01,0.232,0.9167763888888888,5.038,0.0,0.13369722222222222,0.524,234.02,240.64716666666666,245.38,1.0,3.9298611111111112,21.6,0.0,0.0,80.0,243.0,323.0
2010-05-02,0.236,1.5193819444444443,7.33,0.0,0.1624861111111111,0.776,232.29,240.38825,247.37,1.0,6.422499999999999,31.6,0.0,16.0,80.0,238.0,334.0
2010-05-03,0.228,0.9800708333333332,4.35,0.0,0.10638333333333334,0.52,229.74,237.18724305555557,244.62,1.0,4.158888888888889,18.4,0.0,71.0,80.0,233.0,384.0
2010-05-04,0.234,1.0534444444444444,3.72,0.0,0.10711111111111112,0.796,229.65,236.03702777777778,240.47,1.0,4.5025,16.6,0.0,63.0,38.0,251.0,352.0
2010-05-05,0.236,1.253686111111111,5.204,0.0,0.08972222222222222,0.496,228.81,236.10560416666667,241.4,1.0,5.365138888888889,22.4,0.0,0.0,79.0,256.0,335.0
2010-05-06,0.234,0.9022569444444445,3.496,0.0,0.08243333333333334,0.452,229.15,235.98911111111113,241.1,1.0,3.8222222222222224,15.0,0.0,3.0,38.0,267.0,308.0
2010-05-07,0.23,1.1416694444444444,4.174,0.0,0.10080833333333332,0.892,229.26,237.49589583333335,243.8,1.0,4.8156944444444445,18.4,0.0,0.0,79.0,210.0,289.0
2010-05-08,0.226,1.0648763888888888,6.492,0.0,0.12029305555555556,0.556,232.59,241.89702083333336,247.71,1.0,4.485277777777778,27.8,0.0,0.0,84.0,907.0,991.0
2010-05-09,0.23,1.0878541666666666,6.066,0.0,0.14262777777777777,0.656,232.79,241.40132638888886,248.22,1.0,4.638472222222222,26.0,0.0,0.0,86.0,308.0,394.0
2010-05-10,0.244,1.0193694444444446,4.602,0.0,0.10020694444444445,0.602,233.53,240.99840972222225,246.19,1.0,4.260138888888889,19.6,0.0,38.0,89.0,274.0,401.0
2010-05-11,0.242,1.0912277777777777,4.414,0.0,0.1057638888888889,0.804,234.32,242.3830763888889,247.9,1.0,4.54375,18.8,0.0,29.0,1164.0,262.0,1455.0
2010-05-12,0.242,1.4134847222222222,5.89,0.0,0.11097083333333334,0.63,233.44,241.716625,246.89,1.0,5.8902777777777775,24.8,0.0,28.0,39.0,239.0,306.0
2010-05-13,0.24,1.0788714384989577,4.688,0.0,0.10693815149409311,0.864,235.73,242.95948575399584,248.93,1.0,4.477970813064628,19.6,0.0,39.0,39.0,242.0,320.0
2010-05-14,0.254,1.1959347222222223,4.632,0.0,0.11103055555555555,0.864,234.85,242.06722916666666,249.01,1.0,4.981944444444444,19.6,0.0,28.0,40.0,276.0,344.0
2010-05-15,0.258,1.3505361111111112,6.714,0.0,0.16176666666666667,0.58,229.73,242.10271527777775,249.44,1.0,5.709305555555555,29.0,0.0,2.0,87.0,271.0,360.0
2010-05-16,0.262,1.4586291666666666,8.418,0.0,0.11415416666666667,0.55,233.05,240.97365277777777,246.8,1.2,6.154444444444445,36.0,0.0,0.0,91.0,1756.0,1847.0
2010-05-17,0.27,1.1306819444444445,4.16,0.0,0.10234444444444445,0.614,236.36,241.36027083333332,246.83,1.2,4.723194444444444,17.4,0.0,29.0,606.0,317.0,952.0
2010-05-18,0.268,0.9869333333333333,3.086,0.0,0.10392499999999999,0.834,235.12,241.520875,246.49,1.2,4.118333333333333,13.0,0.0,0.0,40.0,274.0,314.0
2010-05-19,0.27,0.9908,5.322,0.0,0.10503749999999999,0.548,235.51,241.60104166666667,245.73,1.2,4.1762500000000005,22.6,0.0,29.0,92.0,381.0,502.0
2010-05-20,0.268,0.8013180555555555,3.332,0.0,0.09662499999999999,0.494,236.11,242.45078472222224,247.54,1.2,3.3552777777777782,13.8,0.0,0.0,43.0,335.0,378.0
2010-05-21,0.268,0.898886111111111,4.658,0.0,0.11645416666666666,0.818,235.64,241.75904861111113,246.28,1.2,3.7977777777777777,19.8,0.0,2.0,83.0,299.0,384.0
2010-05-22,0.302,1.4553972222222222,7.806,0.0,0.14770694444444446,0.676,232.11,239.55310416666666,244.12,1.4,6.156527777777778,33.6,0.0,0.0,94.0,333.0,427.0
2010-05-23,0.266,1.033025,4.612,0.0,0.1757638888888889,0.572,234.37,240.69034722222221,247.63,1.0,4.398055555555556,19.4,0.0,17.0,101.0,497.0,615.0
2010-05-24,0.186,0.9314805555555556,5.124,0.0,0.15836111111111112,0.566,233.93,241.03509722222222,248.12,0.8,3.971111111111111,21.4,0.0,31.0,101.0,303.0,435.0
2010-05-25,0.164,0.8323791666666667,4.832,0.0,0.1415736111111111,0.794,231.73,240.2630486111111,245.48,0.6,3.5909722222222222,21.0,0.0,0.0,103.0,196.0,299.0
2010-05-26,0.158,0.9638083333333334,6.53,0.0,0.16778472222222224,0.628,230.71,239.54319444444445,245.86,0.6,4.185,28.2,0.0,23.0,104.0,188.0,315.0
2010-05-27,0.158,0.9189875000000001,3.846,0.0,0.13599722222222224,0.918,234.82,239.92095138888888,245.02,0.6,3.91125,16.6,0.0,0.0,102.0,183.0,285.0
2010-05-28,0.158,0.9709472222222222,3.684,0.0,0.11282638888888889,0.714,234.59,240.0395763888889,244.4,0.6,4.099027777777778,15.4,0.0,0.0,292.0,274.0,566.0
2010-05-29,0.166,1.4234777777777778,5.614,0.0,0.1427861111111111,1.078,232.59,240.20170833333336,245.34,0.8,6.040555555555556,24.4,0.0,14.0,95.0,451.0,560.0
2010-05-30,0.172,1.1567361111111112,5.658,0.0,0.12284166666666667,0.798,233.65,240.46701388888889,244.71,0.8,4.902083333333334,24.4,123.0,28.0,91.0,608.0,850.0
2010-05-31,0.168,0.9308763888888889,4.164,0.0,0.10130138888888889,0.53,234.78,240.69020833333335,244.72,0.8,3.9730555555555553,17.6,0.0,0.0,91.0,156.0,247.0
2010-06-01,0.17,0.8812249999999999,4.162,0.0,0.09511805555555555,0.834,234.98,240.5402777777778,244.46,0.8,3.7181944444444444,17.4,0.0,30.0,39.0,205.0,274.0
2010-06-02,0.168,0.6811791666666667,2.956,0.0,0.08974861111111111,0.526,234.04,240.33645833333333,244.82,0.8,2.9158333333333335,12.6,0.0,7.0,90.0,193.0,290.0
2010-06-03,0.166,0.9681847222222222,5.038,0.0,0.11391388888888888,0.524,234.79,240.24450694444445,244.44,0.8,4.154166666666667,21.4,0.0,36.0,89.0,361.0,486.0
2010-06-04,0.166,0.9864958333333333,4.46,0.0,0.12864166666666665,1.04,232.17,240.27963888888888,246.22,0.8,4.203333333333333,18.8,0.0,11.0,93.0,158.0,262.0
2010-06-05,0.18,1.3955861111111112,5.326,0.0,0.20415972222222223,0.696,234.24,241.10038194444445,245.97,0.8,6.095138888888889,22.4,384.0,34.0,941.0,596.0,1955.0
2010-06-06,0.18,1.21305,4.836,0.0,0.2022125,0.562,234.89,241.42161805555557,245.35,0.8,5.288194444444445,20.4,1972.0,28.0,446.0,301.0,2747.0
2010-06-07,0.174,0.7028347222222222,4.088,0.0,0.12785416666666669,0.534,234.63,242.33104861111113,246.14,0.8,3.0329166666666665,17.6,0.0,6.0,41.0,201.0,248.0
2010-06-08,0.172,0.9458569444444446,4.626,0.0,0.13773194444444445,0.764,234.37,241.07685416666666,245.6,0.8,4.03375,19.6,0.0,0.0,408.0,188.0,596.0
2010-06-09,0.178,1.065751388888889,4.986,0.0,0.1267597222222222,0.742,235.86,241.18673611111112,245.1,0.8,4.544722222222222,20.8,0.0,0.0,99.0,219.0,318.0
2010-06-10,0.184,0.8438819444444445,2.982,0.0,0.12029583333333334,0.56,235.7,241.69444444444446,245.52,0.8,3.591527777777778,12.6,0.0,32.0,94.0,245.0,371.0
2010-06-11,0.168,1.0213,5.15,0.0,0.15178472222222222,0.986,235.11,241.45329166666667,245.78,0.8,4.4125,21.8,0.0,39.0,94.0,182.0,315.0
2010-06-12,0.174,1.371166087560806,4.222,0.0,0.1887922168172342,0.708,234.25,240.35382904794994,245.18,0.8,5.847671994440583,18.0,504.0,39.0,99.0,306.0,948.0
2010-06-13,0.172,1.1627472222222222,6.244,0.0,0.17619166666666666,0.556,233.8,241.20292361111112,246.54,0.8,5.06,27.0,0.0,83.0,95.0,1002.0,1180.0
2010-06-14,0.174,0.8458222222222221,4.168,0.0,0.12405555555555554,0.548,231.88,241.61683333333332,246.75,0.8,3.61375,17.4,0.0,28.0,93.0,490.0,611.0
2010-06-15,0.17,0.8499763888888888,3.394,0.0,0.12437222222222223,0.91,235.74,240.9032986111111,245.78,0.8,3.622916666666667,15.0,0.0,28.0,92.0,267.0,387.0
2010-06-16,0.18,1.2278416666666667,4.798,0.0,0.12713750000000001,0.488,232.75,240.75138194444443,245.53,0.8,5.18375,19.8,0.0,7.0,95.0,787.0,889.0
2010-06-17,0.174,0.7139013888888889,3.516,0.0,0.11685277777777778,0.55,234.72,240.42709027777778,246.4,0.8,3.0509722222222218,14.8,0.0,35.0,62.0,237.0,334.0
2010-06-18,0.172,0.9252194444444445,4.1,0.0,0.11904027777777779,0.902,229.87,240.52340972222223,245.7,0.8,3.945972222222222,17.4,0.0,3.0,366.0,247.0,616.0
2010-06-19,0.204,0.9834861111111112,6.22,0.0,0.14639444444444444,0.832,234.54,241.7036388888889,245.79,0.8,4.214166666666666,26.4,0.0,0.0,98.0,500.0,598.0
2010-06-20,0.178,1.1614930555555556,5.84,0.0,0.10005555555555556,0.648,233.93,240.30783333333335,243.87,0.8,4.924444444444444,24.6,0.0,9.0,301.0,229.0,539.0
2010-06-21,0.192,1.1533958333333334,7.508,0.0,0.11783333333333333,0.602,234.71,240.95399305555554,246.74,0.8,4.947638888888889,32.2,0.0,0.0,40.0,210.0,250.0
2010-06-22,0.158,1.055963888888889,4.956,0.0,0.14544027777777777,1.038,233.46,240.6849236111111,245.85,0.6,4.581666666666667,20.8,0.0,16.0,95.0,195.0,306.0
2010-06-23,0.152,1.0014333333333334,5.452,0.0,0.20589027777777777,0.698,233.66,239.99858333333336,246.22,0.6,4.383194444444444,23.4,0.0,11.0,98.0,172.0,281.0
2010-06-24,0.196,0.7609583333333333,3.638,0.0,0.1602652777777778,0.584,234.85,240.80948611111108,245.59,0.8,3.274583333333333,15.4,0.0,0.0,99.0,231.0,330.0
2010-06-25,0.152,0.7634986111111112,3.334,0.0,0.1518986111111111,0.926,233.6,240.5305486111111,245.25,0.6,3.3211111111111107,14.6,0.0,63.0,46.0,162.0,271.0
2010-06-26,0.152,0.6816805555555555,3.976,0.0,0.20450694444444445,0.592,236.62,241.4948611111111,245.17,0.6,3.002638888888889,16.8,0.0,64.0,104.0,161.0,329.0
2010-06-27,0.152,0.7916416666666666,4.486,0.0,0.21160416666666665,0.606,234.5,239.94747916666665,244.94,0.6,3.4852777777777777,18.8,0.0,24.0,102.0,194.0,320.0
2010-06-28,0.166,1.021763888888889,3.242,0.0,0.1950611111111111,0.786,235.04,240.4290138888889,244.67,0.8,4.3725,13.6,0.0,0.0,99.0,227.0,326.0
2010-06-29,0.156,0.9501709520500348,5.104,0.0,0.2242640722724114,0.872,233.13,240.33977762334956,244.87,0.6,4.161640027797081,21.8,0.0,72.0,109.0,798.0,979.0
2010-06-30,0.15,0.9612055555555555,3.736,0.0,0.16568611111111112,0.87,234.8,240.61095833333334,245.31,0.6,4.09375,16.4,0.0,0.0,140.0,174.0,314.0
2010-07-01,0.208,0.9368069444444445,5.404,0.0,0.20031388888888887,0.596,232.19,239.31421527777775,244.15,1.0,4.051944444444445,23.4,873.0,68.0,798.0,1569.0,3308.0
2010-07-02,0.196,0.7923111111111112,4.07,0.0,0.20645694444444446,0.808,233.51,239.63011805555556,244.77,0.8,3.495,17.2,0.0,0.0,784.0,576.0,1360.0
2010-07-03,0.224,0.7778291666666667,3.286,0.0,0.21868472222222224,0.698,236.22,241.33627777777778,245.32,1.0,3.42125,13.8,0.0,51.0,106.0,272.0,429.0
2010-07-04,0.174,1.0681166666666666,3.394,0.0,0.19454583333333333,0.856,236.09,240.33446527777778,244.42,0.8,4.561805555555556,14.2,0.0,0.0,121.0,1678.0,1799.0
2010-07-05,0.168,0.7736041666666666,4.428,0.0,0.16239305555555555,0.594,236.03,241.18256250000002,245.45,0.8,3.3313888888888887,18.6,0.0,15.0,100.0,264.0,379.0
2010-07-06,0.16,0.6985652777777778,2.368,0.0,0.1335361111111111,0.784,236.0,240.5297013888889,244.56,0.8,3.0056944444444444,10.6,0.0,35.0,99.0,468.0,602.0
2010-07-07,0.16,0.5797138888888889,3.712,0.0,0.14551111111111112,0.756,236.0,240.6574513888889,246.92,0.8,2.5466666666666664,15.6,0.0,48.0,100.0,202.0,350.0
2010-07-08,0.158,0.8421194444444444,5.126,0.0,0.17145416666666666,0.58,234.56,240.304125,244.24,0.8,3.6294444444444443,21.8,0.0,76.0,122.0,186.0,384.0
2010-07-09,0.164,0.7524152777777778,2.392,0.0,0.21810694444444445,1.1,236.81,240.79250694444445,245.33,0.8,3.3231944444444443,10.8,0.0,52.0,112.0,1163.0,1327.0
2010-07-10,0.158,0.8017388888888888,3.906,0.0,0.1953347222222222,0.746,234.39,240.06252083333337,244.89,0.8,3.510277777777778,16.4,0.0,46.0,110.0,461.0,617.0
2010-07-11,0.162,0.8288694444444445,4.632,0.0,0.21015555555555557,1.024,234.38,239.7739513888889,244.15,0.8,3.6480555555555556,19.6,0.0,4.0,129.0,182.0,315.0
2010-07-12,0.174,0.7705375000000001,3.758,0.0,0.19854999999999998,0.612,234.64,240.2186458333333,245.19,0.8,3.397222222222222,16.0,35.0,49.0,541.0,448.0,1073.0
2010-07-13,0.174,0.9598013888888889,5.016,0.0,0.19980694444444444,0.806,235.31,240.49479166666666,244.94,0.8,4.2404166666666665,21.2,0.0,2.0,114.0,240.0,356.0
2010-07-14,0.208,0.9788,5.902,0.0,0.17255555555555555,0.654,232.79,240.34191666666666,245.13,1.0,4.260555555555555,25.0,0.0,48.0,183.0,241.0,472.0
2010-07-15,0.18,1.134928422515636,4.676,0.0,0.1336511466296039,0.602,235.48,240.36994440583737,244.54,0.8,4.787491313412092,19.6,234.0,43.0,930.0,1315.0,2522.0
2010-07-16,0.152,0.5694833333333333,2.376,0.0,0.13661666666666666,0.778,236.69,241.15434722222224,244.98,0.6,2.4870833333333335,10.4,0.0,45.0,103.0,576.0,724.0
2010-07-17,0.154,0.5599666666666666,2.766,0.0,0.1259375,0.6,236.89,241.18420833333334,245.07,0.6,2.424166666666667,12.0,0.0,5.0,99.0,699.0,803.0
2010-07-18,0.154,0.5639152777777778,2.626,0.0,0.11800694444444446,0.55,236.34,241.45020138888887,244.72,0.6,2.417638888888889,11.4,0.0,0.0,99.0,308.0,407.0
2010-07-19,0.15,0.5563597222222222,2.474,0.0,0.13367916666666665,0.554,236.55,241.84955555555555,245.78,0.6,2.395,11.0,0.0,41.0,98.0,207.0,346.0
2010-07-20,0.154,0.5943222222222222,2.676,0.0,0.15170833333333333,0.692,236.47,241.6489861111111,245.66,0.6,2.5684722222222223,11.2,0.0,42.0,102.0,271.0,415.0
2010-07-21,0.15,0.7390041666666666,3.728,0.0,0.1696152777777778,0.766,235.13,241.72080555555556,245.77,0.6,3.204861111111111,16.0,422.0,43.0,109.0,180.0,754.0
2010-07-22,0.242,0.8086430555555555,3.344,0.056,0.21616944444444444,0.652,233.81,241.1897847222222,245.4,1.0,3.5011111111111113,14.0,0.0,96.0,1167.0,1386.0,2649.0
2010-07-23,0.24,0.8167763888888888,3.66,0.0,0.1981111111111111,1.026,235.63,239.8829166666667,243.57,1.0,3.5233333333333334,15.4,0.0,89.0,158.0,260.0,507.0
2010-07-24,0.242,0.6400472222222222,3.162,0.0,0.1985097222222222,0.628,236.05,240.29686805555554,245.43,1.0,2.786111111111111,13.4,0.0,88.0,99.0,556.0,743.0
2010-07-25,0.24,0.7850069444444445,5.916,0.0,0.17928194444444445,0.558,234.21,240.27947916666668,247.19,1.0,3.3686111111111114,24.6,0.0,87.0,101.0,877.0,1065.0
2010-07-26,0.156,0.6139930555555555,3.508,0.0,0.1235138888888889,0.596,234.74,240.93763194444443,246.3,0.6,2.658333333333333,14.8,0.0,59.0,101.0,151.0,311.0
2010-07-27,0.15,0.6613611111111111,3.572,0.0,0.12134027777777777,0.806,230.99,239.63009722222225,244.98,0.6,2.8269444444444445,15.0,0.0,20.0,96.0,1506.0,1622.0
2010-07-28,0.15,0.5990652777777777,4.21,0.0,0.1269902777777778,0.684,235.1,240.30625694444444,245.49,0.6,2.583472222222222,17.8,21.0,40.0,281.0,1316.0,1658.0
2010-07-29,0.15,0.38132222222222223,2.162,0.0,0.12310138888888889,0.516,236.44,240.3845347222222,244.85,0.6,1.6897222222222221,9.2,0.0,34.0,103.0,163.0,300.0
2010-07-30,0.15,0.38281944444444443,2.044,0.0,0.1200375,0.784,236.06,240.04908333333333,243.93,0.6,1.695138888888889,9.0,0.0,39.0,102.0,139.0,280.0
2010-07-31,0.15,0.38515,2.03,0.0,0.12620138888888888,0.538,235.55,239.68085416666665,243.22,0.6,1.7159722222222222,8.6,0.0,41.0,102.0,143.0,286.0
2010-08-01,0.15,0.38587777777777776,2.08,0.0,0.12811805555555555,0.55,235.81,239.80130555555556,242.8,0.6,1.7205555555555554,8.8,0.0,43.0,102.0,132.0,277.0
2010-08-02,0.15,0.38158472222222223,2.04,0.0,0.12725277777777777,0.436,235.84,240.89735416666667,245.15,0.6,1.7008333333333332,8.6,0.0,41.0,87.0,140.0,268.0
2010-08-03,0.154,0.42723055555555556,2.052,0.0,0.12299722222222222,0.468,238.1,241.5017013888889,244.6,0.6,1.8530555555555557,8.4,0.0,41.0,99.0,158.0,298.0
2010-08-04,0.154,0.37733055555555556,2.06,0.0,0.12460555555555555,0.576,237.96,241.39795138888888,244.78,0.6,1.6722222222222223,8.6,0.0,42.0,101.0,149.0,292.0
2010-08-05,0.154,0.37046944444444446,1.914,0.0,0.12061111111111111,0.488,238.88,241.8593888888889,245.14,0.6,1.6345833333333335,8.0,0.0,40.0,98.0,144.0,282.0
2010-08-06,0.152,0.36440694444444444,1.716,0.0,0.11429444444444445,0.576,237.26,240.9532361111111,244.28,0.6,1.6036111111111109,7.4,0.0,40.0,96.0,136.0,272.0
2010-08-07,0.154,0.36630277777777775,1.988,0.0,0.11668472222222223,0.574,237.11,241.32504861111113,245.22,0.6,1.6180555555555556,8.2,0.0,39.0,95.0,129.0,263.0
2010-08-08,0.152,0.3669861111111111,1.984,0.0,0.11673055555555556,0.464,236.04,240.7344652777778,244.68,0.6,1.6234722222222224,8.4,0.0,35.0,96.0,161.0,291.0
2010-08-09,0.152,0.3715722222222222,1.93,0.0,0.11909166666666667,0.542,234.7,241.06926388888888,244.36,0.6,1.6384722222222223,8.0,0.0,0.0,96.0,157.0,253.0
2010-08-10,0.152,0.3783041666666667,2.094,0.0,0.12625555555555554,0.586,235.23,241.95466666666664,245.31,0.6,1.6648611111111111,8.8,0.0,23.0,132.0,166.0,321.0
2010-08-11,0.15,0.3763902777777777,1.992,0.0,0.12226666666666666,0.548,235.05,240.54286805555554,243.63,0.6,1.6716666666666666,8.4,0.0,42.0,215.0,146.0,403.0
2010-08-12,0.152,0.3678458333333333,2.038,0.0,0.11742916666666668,0.458,237.17,240.79493055555557,244.52,0.6,1.6237499999999998,8.6,0.0,41.0,397.0,147.0,585.0
2010-08-13,0.152,0.37103749999999996,1.974,0.0,0.11495694444444446,0.426,237.25,240.99115972222222,245.07,0.6,1.6345833333333335,8.4,0.0,39.0,799.0,159.0,997.0
2010-08-14,0.154,0.3849097222222222,1.984,0.0,0.11146527777777777,0.466,236.53,241.165875,244.48,0.6,1.683472222222222,8.4,0.0,40.0,939.0,151.0,1130.0
2010-08-15,0.154,0.7333236111111112,4.78,0.0,0.14359027777777778,0.742,236.67,241.686625,246.87,0.6,3.161388888888889,20.0,0.0,0.0,305.0,142.0,447.0
2010-08-16,0.164,0.7845347222222222,3.242,0.0,0.12848333333333334,0.768,236.06,241.07695833333335,245.88,0.8,3.4175,13.8,0.0,0.0,96.0,176.0,272.0
2010-08-17,0.16,0.775120443740095,4.378,0.0,0.10963232963549921,0.598,237.2,240.99217115689382,244.54,0.8,3.2927099841521392,18.4,0.0,36.0,329.0,667.0,1032.0
2010-08-18,,,,,,,,,,,,,,,,,
2010-08-19,,,,,,,,,,,,,,,,,
2010-08-20,,,,,,,,,,,,,,,,,
2010-08-21,,,,,,,,,,,,,,,,,
2010-08-22,0.176,0.6140657894736842,1.358,0.0,0.1621578947368421,0.612,240.42,242.66460526315788,244.76,0.8,2.706578947368421,6.0,0.0,0.0,0.0,0.0,0.0
2010-08-23,0.17,0.5317069444444444,2.26,0.0,0.14360833333333334,0.572,236.59,242.0454236111111,246.28,0.8,2.3279166666666664,9.4,0.0,23.0,106.0,189.0,318.0
2010-08-24,0.17,0.5020472222222222,2.136,0.0,0.12184583333333333,0.552,236.85,241.6081597222222,246.26,0.8,2.254861111111111,9.2,0.0,36.0,105.0,182.0,323.0
2010-08-25,0.17,0.6808388888888889,3.948,0.0,0.11189722222222223,0.468,234.35,241.11630555555556,247.52,0.8,2.9448611111111114,17.0,0.0,33.0,99.0,186.0,318.0
2010-08-26,0.17,0.5258694444444444,3.33,0.0,0.12367638888888889,0.92,237.33,241.8138125,246.09,0.8,2.3005555555555555,14.2,0.0,19.0,100.0,394.0,513.0
2010-08-27,0.174,1.4101736111111112,5.33,0.0,0.21133194444444442,1.044,235.15,240.85945833333332,246.21,0.8,5.994027777777777,22.6,0.0,5.0,99.0,373.0,477.0
2010-08-28,0.172,1.0019833333333332,5.042,0.0,0.16493333333333332,0.75,236.03,242.56586111111113,246.88,0.8,4.281805555555556,21.6,0.0,46.0,102.0,282.0,430.0
2010-08-29,0.174,1.1586666666666667,5.578,0.0,0.13312083333333333,0.62,232.89,241.00794444444443,244.98,0.8,4.937777777777778,23.6,0.0,42.0,100.0,521.0,663.0
2010-08-30,0.172,1.0380569444444443,5.12,0.0,0.12545555555555557,0.61,236.83,241.37439583333332,245.27,0.8,4.3825,21.4,0.0,40.0,39.0,444.0,523.0
2010-08-31,0.174,0.9479902777777778,4.624,0.0,0.11698611111111111,0.65,233.72,241.19238888888887,247.19,0.8,4.103472222222222,20.0,0.0,9.0,93.0,265.0,367.0
2010-09-01,0.172,1.1064708333333333,4.796,0.0,0.12512500000000001,0.702,234.3,241.26284027777777,247.5,0.8,4.691666666666666,20.0,0.0,40.0,44.0,268.0,352.0
2010-09-02,0.172,0.9670083333333334,4.486,0.0,0.11827222222222224,0.61,235.66,240.94371527777778,247.01,0.8,4.08875,18.8,0.0,26.0,96.0,192.0,314.0
2010-09-03,0.176,0.9350097222222222,5.5,0.0,0.11708055555555556,0.53,233.17,240.5336736111111,245.86,0.8,3.9734722222222225,23.6,0.0,31.0,97.0,235.0,363.0
2010-09-04,0.174,1.2109999999999999,4.808,0.0,0.15140555555555554,0.688,234.62,241.10194444444443,247.06,0.8,5.173472222222222,20.2,0.0,10.0,104.0,324.0,438.0
2010-09-05,0.162,0.9187625,4.352,0.0,0.12986805555555556,0.666,236.54,242.14060416666663,246.32,0.8,3.96375,18.6,0.0,26.0,81.0,418.0,525.0
2010-09-06,0.16,0.9881083333333334,5.074,0.0,0.11194722222222223,0.484,236.69,241.84175,245.99,0.8,4.206944444444445,22.0,0.0,39.0,95.0,201.0,335.0
2010-09-07,0.16,1.0082319444444445,5.192,0.0,0.11664027777777777,0.582,235.4,241.2751597222222,245.91,0.8,4.307083333333333,22.0,0.0,28.0,378.0,225.0,631.0
2010-09-08,0.186,0.9054249999999999,4.13,0.0,0.11887638888888888,0.828,234.78,240.98400694444442,246.21,0.8,3.8720833333333333,17.2,1.0,10.0,101.0,223.0,335.0
2010-09-09,0.156,0.8602180555555555,6.426,0.0,0.11663472222222222,0.664,233.76,240.6032152777778,246.56,0.8,3.701666666666666,27.2,0.0,40.0,44.0,790.0,874.0
2010-09-10,0.158,0.9222972222222222,4.396,0.0,0.138925,0.56,235.26,241.8182013888889,246.16,0.8,3.921527777777778,18.6,0.0,13.0,94.0,183.0,290.0
2010-09-11,0.16,1.0161875,3.788,0.0,0.16363194444444445,0.752,235.73,241.67075,247.11,0.8,4.311944444444444,15.8,0.0,4.0,98.0,903.0,1005.0
2010-09-12,0.142,1.1195083333333333,5.156,0.0,0.13983194444444444,0.774,237.12,241.61972222222224,247.66,0.6,4.755694444444444,21.8,0.0,32.0,99.0,1761.0,1892.0
2010-09-13,0.142,0.7474444444444444,3.848,0.0,0.13180416666666667,0.524,234.88,241.15527083333336,246.97,0.6,3.241111111111111,16.2,484.0,70.0,40.0,148.0,742.0
2010-09-14,0.138,0.993526388888889,4.804,0.0,0.13680833333333334,0.606,231.86,240.94131944444445,245.69,0.6,4.237361111111111,20.6,0.0,58.0,92.0,155.0,305.0
2010-09-15,0.14,0.6847875,3.384,0.0,0.15247083333333333,0.742,234.98,241.29677777777778,246.18,0.6,2.9531944444444447,14.4,0.0,72.0,99.0,195.0,366.0
2010-09-16,0.14,0.9303736111111112,5.28,0.0,0.11899305555555555,0.542,231.11,240.41177083333335,245.05,0.6,3.9340277777777777,22.4,0.0,68.0,95.0,231.0,394.0
2010-09-17,0.14,1.0400055555555556,5.758,0.0,0.13655694444444444,0.73,233.0,240.814875,247.31,0.6,4.427777777777778,24.2,0.0,12.0,95.0,343.0,450.0
2010-09-18,0.144,0.8666291666666666,2.974,0.0,0.11248472222222222,0.514,234.82,241.55907638888888,247.95,0.6,3.662361111111111,12.6,0.0,10.0,94.0,154.0,258.0
2010-09-19,0.138,0.6386111111111111,3.762,0.0,0.10236527777777778,0.736,235.61,241.71130555555558,248.08,0.6,2.7115277777777775,15.8,0.0,0.0,39.0,320.0,359.0
2010-09-20,0.146,1.1686333333333334,6.17,0.0,0.13556527777777777,0.664,234.96,241.4937361111111,246.33,0.6,4.985972222222222,26.0,0.0,54.0,97.0,168.0,319.0
2010-09-21,0.14,0.7717888888888889,3.636,0.0,0.12480138888888889,1.1,234.83,240.91864583333333,246.42,0.6,3.311527777777778,15.4,0.0,44.0,96.0,301.0,441.0
2010-09-22,0.146,1.0488847222222222,4.484,0.0,0.13078472222222223,0.72,233.93,240.65502777777778,244.85,0.6,4.468055555555556,19.8,0.0,0.0,44.0,207.0,251.0
2010-09-23,0.142,1.0068486111111112,3.92,0.0,0.11454027777777777,0.496,234.51,240.7245,245.41,0.6,4.227777777777778,16.4,0.0,22.0,101.0,182.0,305.0
2010-09-24,0.14,0.9222166666666667,3.952,0.0,0.12865,0.718,234.99,240.58872222222223,246.73,0.6,3.923611111111111,16.8,0.0,75.0,60.0,332.0,467.0
2010-09-25,0.142,0.4491779661016949,2.008,0.0,0.12086440677966102,0.38,236.78,240.77512711864406,246.4,0.6,1.942372881355932,8.6,0.0,73.0,50.0,201.0,324.0
2010-09-26,,,,,,,,,,,,,,,,,
2010-09-27,,,,,,,,,,,,,,,,,
2010-09-28,0.842,1.6391149825783973,4.108,0.0,0.09003484320557491,0.392,234.16,240.24564459930315,245.52,3.4,6.852264808362369,17.2,0.0,0.0,0.0,0.0,0.0
2010-09-29,0.238,1.1697402777777777,4.422,0.0,0.0968125,0.518,234.57,241.22340972222224,246.55,1.0,4.879166666666666,18.6,0.0,0.0,39.0,845.0,884.0
2010-09-30,0.242,0.8668597222222222,3.932,0.0,0.10641388888888888,0.656,235.82,242.30779166666665,248.05,1.0,3.6041666666666665,16.6,0.0,2.0,39.0,430.0,471.0
2010-10-01,0.234,1.045013888888889,4.136,0.0,0.10957222222222221,0.59,233.55,240.80197916666665,246.58,1.0,4.372638888888889,18.2,0.0,37.0,97.0,306.0,440.0
2010-10-02,0.238,1.3355930555555555,6.414,0.0,0.11533750000000001,0.518,235.36,240.70345833333332,245.21,1.0,5.584305555555555,27.2,0.0,70.0,38.0,228.0,336.0
2010-10-03,0.24,1.2713083333333333,6.796,0.0,0.14084305555555554,0.544,235.13,241.93284027777776,247.1,1.0,5.398472222222223,28.6,0.0,0.0,97.0,249.0,346.0
2010-10-04,0.25,1.2333055555555557,5.212,0.0,0.13026666666666667,0.628,232.14,240.62145833333335,246.31,1.0,5.197916666666667,22.0,0.0,0.0,174.0,756.0,930.0
2010-10-05,0.238,1.2879333333333334,5.252,0.0,0.14766805555555557,0.62,234.2,239.91899999999998,246.42,1.0,5.422083333333333,22.4,0.0,72.0,483.0,270.0,825.0
2010-10-06,0.244,0.913511111111111,4.174,0.0,0.09761666666666667,0.512,234.49,241.27625,246.2,1.0,3.815555555555555,17.8,0.0,0.0,97.0,746.0,843.0
2010-10-07,0.236,1.2569124999999999,4.94,0.0,0.12506666666666666,0.698,235.49,241.60523611111108,247.01,1.0,5.287638888888889,21.2,0.0,0.0,95.0,900.0,995.0
2010-10-08,0.238,1.0489277777777777,5.226,0.0,0.13931666666666667,0.59,235.19,240.98219444444445,246.74,1.0,4.433472222222222,22.0,0.0,0.0,96.0,482.0,578.0
2010-10-09,0.304,1.1192916666666666,4.048,0.0,0.1764027777777778,0.87,234.79,240.1984375,245.38,1.2,4.740972222222222,17.2,0.0,68.0,96.0,339.0,503.0
2010-10-10,0.334,1.3881277777777778,6.892,0.0,0.22739305555555558,0.952,233.44,240.3423472222222,245.51,1.4,5.9181944444444445,29.8,0.0,66.0,39.0,756.0,861.0
2010-10-11,0.274,1.126798611111111,6.158,0.0,0.18647916666666664,0.588,230.98,239.92619444444443,245.62,1.2,4.820416666666667,26.2,0.0,67.0,39.0,388.0,494.0
2010-10-12,0.26,1.0970083333333334,5.696,0.0,0.11824166666666666,0.644,233.59,240.26067361111112,247.08,1.2,4.681388888888889,24.4,0.0,47.0,39.0,274.0,360.0
2010-10-13,0.25,1.4401986111111111,3.962,0.0,0.11989166666666667,0.61,234.42,240.79931944444445,247.8,1.0,6.015833333333333,16.8,0.0,0.0,39.0,309.0,348.0
2010-10-14,0.26,1.482723611111111,6.298,0.0,0.1499611111111111,0.62,232.84,240.90321527777778,247.72,1.2,6.261111111111111,27.0,0.0,0.0,40.0,307.0,347.0
2010-10-15,0.262,1.1085583333333333,4.238,0.0,0.13995833333333332,0.866,232.78,240.7949444444444,247.4,1.2,4.6883333333333335,18.8,0.0,40.0,39.0,299.0,378.0
2010-10-16,0.246,0.6944541666666667,3.35,0.0,0.11662361111111111,0.46,234.72,241.91749305555555,247.28,1.0,2.936111111111111,14.2,0.0,9.0,40.0,254.0,303.0
2010-10-17,0.242,0.7273486111111112,4.326,0.0,0.12881527777777776,0.636,234.23,242.2758263888889,247.33,1.0,3.0640277777777776,18.2,0.0,70.0,39.0,239.0,348.0
2010-10-18,0.248,1.8846416666666668,6.29,0.0,0.1813777777777778,0.614,233.44,241.81618055555555,248.87,1.0,7.903333333333332,26.6,0.0,69.0,148.0,286.0,503.0
2010-10-19,0.248,1.3374847222222224,6.492,0.0,0.15247916666666667,0.74,233.39,241.9127847222222,247.49,1.0,5.6530555555555555,27.6,0.0,0.0,1236.0,275.0,1511.0
2010-10-20,0.256,1.199975,4.978,0.0,0.11289166666666667,0.452,233.5,242.248125,248.07,1.0,5.033611111111111,21.0,0.0,77.0,660.0,259.0,996.0
2010-10-21,0.254,0.9411097222222223,4.762,0.0,0.12599583333333333,0.636,237.03,243.47242361111108,248.85,1.0,3.9468055555555552,20.2,0.0,69.0,40.0,316.0,425.0
2010-10-22,0.252,1.1589527777777777,4.642,0.0,0.10314027777777778,0.73,236.08,242.79820138888888,249.5,1.0,4.783194444444445,19.4,0.0,10.0,40.0,442.0,492.0
2010-10-23,0.25,1.592525,6.234,0.0,0.14799444444444443,0.748,234.26,242.24353472222222,248.26,1.0,6.689722222222223,26.0,0.0,0.0,643.0,754.0,1397.0
2010-10-24,0.29,1.661256428075052,6.172,0.0,0.18709381514940931,0.938,232.15,243.0216400277971,249.08,1.2,6.970813064628214,25.8,0.0,438.0,168.0,1083.0,1689.0
2010-10-25,0.25,0.8078416666666666,5.422,0.0,0.11064444444444445,0.546,236.05,242.40615277777778,248.8,1.0,3.3922222222222222,22.8,0.0,1.0,39.0,548.0,588.0
2010-10-26,0.246,0.6568777777777778,4.616,0.0,0.1203236111111111,0.714,236.07,244.89095833333332,250.93,1.0,2.7504166666666667,19.2,0.0,36.0,39.0,583.0,658.0
2010-10-27,0.258,0.8751930555555556,4.29,0.0,0.10682777777777777,0.656,238.74,246.1087083333333,251.46,1.0,3.622916666666667,17.8,0.0,0.0,42.0,718.0,760.0
2010-10-28,0.258,1.0161986111111112,5.294,0.0,0.1300277777777778,0.87,238.93,246.25389583333333,250.65,1.0,4.200138888888889,22.4,0.0,1.0,876.0,1156.0,2033.0
2010-10-29,0.25,0.8364041666666667,4.054,0.0,0.13591666666666666,1.108,237.96,245.74310416666668,252.42,1.0,3.5119444444444445,17.0,0.0,45.0,479.0,482.0,1006.0
2010-10-30,0.256,1.4949305555555554,5.02,0.0,0.1356388888888889,0.6,237.81,243.26736805555555,248.69,1.0,6.229027777777778,21.6,0.0,0.0,651.0,969.0,1620.0
2010-10-31,0.26,1.025298611111111,4.7,0.0,0.1445013888888889,0.668,241.09,245.49527777777777,249.44,1.0,4.235138888888889,19.2,0.0,69.0,40.0,1675.0,1784.0
2010-11-01,0.256,0.9605416666666667,2.86,0.0,0.12992083333333335,0.606,239.67,246.37959722222223,253.08,1.0,3.937638888888889,12.4,0.0,0.0,51.0,1237.0,1288.0
2010-11-02,0.25,0.8271402777777779,3.146,0.0,0.1295277777777778,0.82,235.37,245.78691666666666,253.53,1.0,3.4218055555555553,13.4,0.0,0.0,167.0,1239.0,1406.0
2010-11-03,0.252,0.8981236111111112,5.026,0.0,0.12240555555555556,0.588,234.82,244.27853472222225,250.53,1.0,3.7595833333333335,21.0,0.0,33.0,40.0,509.0,582.0
2010-11-04,0.272,1.7744069444444446,8.126,0.0,0.17530416666666665,0.656,232.43,243.15222916666667,252.92,1.2,7.4961111111111105,34.0,0.0,41.0,165.0,267.0,473.0
2010-11-05,0.266,1.2056166666666666,5.374,0.0,0.12534583333333332,0.764,235.32,243.77503472222222,251.34,1.0,5.053333333333334,22.6,0.0,0.0,164.0,290.0,454.0
2010-11-06,0.262,1.2537555555555555,4.896,0.0,0.13469305555555555,0.524,228.93,238.43022222222223,245.44,1.0,5.345138888888889,21.6,0.0,0.0,38.0,257.0,295.0
2010-11-07,0.254,1.1623722222222221,3.338,0.0,0.12151111111111111,0.84,226.47,238.4364861111111,246.33,1.0,4.965972222222222,14.8,0.0,0.0,158.0,328.0,486.0
2010-11-08,0.254,1.2677361111111112,5.51,0.0,0.10115,0.542,229.44,237.7430625,246.43,1.0,5.373194444444445,23.6,0.0,0.0,39.0,250.0,289.0
2010-11-09,0.254,1.4042347222222222,5.644,0.0,0.10740972222222221,0.82,227.7,237.78809027777777,247.69,1.0,5.985972222222221,25.2,0.0,70.0,39.0,238.0,347.0
2010-11-10,0.256,1.3517597222222224,7.638,0.0,0.10657777777777779,0.58,228.61,239.08477083333335,246.35,1.0,5.716666666666667,33.2,0.0,0.0,158.0,605.0,763.0
2010-11-11,0.23,1.231661111111111,5.506,0.0,0.1056861111111111,0.464,229.58,238.72870833333334,247.08,1.0,5.2555555555555555,23.4,0.0,51.0,39.0,443.0,533.0
2010-11-12,0.22,1.2755708333333333,4.78,0.0,0.10496111111111112,0.74,228.58,238.83789583333333,247.18,1.0,5.434861111111111,20.4,0.0,0.0,551.0,300.0,851.0
2010-11-13,0.234,1.4049819444444445,5.02,0.0,0.112625,0.79,230.46,239.33274305555557,247.1,1.0,5.919583333333334,21.4,0.0,50.0,27.0,584.0,661.0
2010-11-14,0.226,1.41555,4.946,0.0,0.14145416666666666,0.512,230.41,239.2797986111111,246.96,1.0,6.032361111111111,21.0,0.0,69.0,1060.0,683.0,1812.0
2010-11-15,0.226,1.2134597222222223,7.656,0.0,0.08799722222222221,0.346,229.28,239.54924305555554,247.43,1.0,5.125694444444444,33.2,0.0,0.0,0.0,242.0,242.0
2010-11-16,0.226,1.0484361111111111,4.27,0.0,0.0927763888888889,0.728,234.99,241.19761111111112,247.18,1.0,4.403611111111111,18.4,0.0,0.0,0.0,296.0,296.0
2010-11-17,0.226,1.0986333333333334,5.234,0.0,0.09855277777777778,0.402,234.15,241.45224305555556,247.31,1.0,4.63125,22.4,0.0,61.0,0.0,279.0,340.0
2010-11-18,0.214,1.1473277777777777,4.602,0.0,0.14319166666666666,0.738,233.63,241.01675,246.79,1.0,4.876944444444445,20.4,0.0,64.0,0.0,341.0,405.0
2010-11-19,0.218,1.0905555555555557,4.282,0.0,0.08536666666666666,0.808,230.6,240.04675694444447,247.14,1.0,4.5784722222222225,17.8,0.0,51.0,0.0,266.0,317.0
2010-11-20,0.218,1.525698611111111,9.724,0.0,0.10678333333333333,0.474,225.32,240.60833333333332,247.79,1.0,6.472361111111112,43.0,0.0,38.0,0.0,245.0,283.0
2010-11-21,0.21,0.6256319444444445,3.236,0.0,0.08307222222222221,0.458,231.65,241.18019444444442,248.03,1.0,2.6379166666666665,13.2,0.0,53.0,0.0,438.0,491.0
2010-11-22,0.222,1.4177333333333333,5.938,0.0,0.09885694444444446,0.49,231.08,240.19711805555553,249.1,1.0,6.014166666666666,26.0,0.0,74.0,0.0,267.0,341.0
2010-11-23,0.216,1.095511111111111,4.628,0.0,0.09545138888888888,0.802,230.56,240.57552777777778,248.16,1.0,4.674444444444444,19.8,0.0,73.0,0.0,260.0,333.0
2010-11-24,0.218,1.2473944444444445,5.75,0.0,0.09198611111111112,0.552,229.83,240.0309652777778,247.85,1.0,5.249583333333333,24.6,0.0,60.0,0.0,259.0,319.0
2010-11-25,0.214,0.9938638888888889,5.074,0.0,0.08064444444444445,0.444,232.96,241.53625694444446,248.47,1.0,4.169444444444444,21.4,0.0,13.0,0.0,258.0,271.0
2010-11-26,0.214,1.1782296120348377,4.242,0.0,0.09566587490102929,0.72,234.25,240.2910292953286,249.01,1.0,4.9562945368171025,18.0,0.0,35.0,0.0,222.0,257.0
